"","organization","address","lon","lat","sector","org_type"
"1","Bandera County River Authority And Ground Water District","Bandera, TX 78003",-99.0736462,29.7266131,"Groundwater","Local Government"
"2","Barton Springs/Edwards Aquifer Conservation District","1124 Regal Row, Austin, TX 78748-3701",-97.8314837,30.1473539,"Groundwater","Local Government"
"3","Bee Groundwater Conservation District","PO Box 682, Beeville, TX 78104-0682",-97.7482514,28.4021437,"Groundwater","Local Government"
"4","Blanco-Pederles Groundwater Conservation District","PO Box 1516, Johnson City, TX 78636-1516",-98.4119811,30.2767408,"Groundwater","Local Government"
"5","Bluebonnet Groundwater Conservation District","PO Box 269, vasota, TX 77868-0269",-96.0255738,30.3432656,"Groundwater","Local Government"
"6","Brazoria County Groundwater Conservation District","111 E. Locust, Bldg A-29, Suite 140, Angleton, TX 77515-4642",-95.4313508,29.1684409,"Groundwater","Local Government"
"7","Brazos Valley Groundwater Conservation District","PO Bx 528, Hearne, TX 77859-0528",-96.5930258,30.8785238,"Groundwater","Local Government"
"8","Brewster County Groundwater Conservation District","PO Box 465, Alpine, TX 79831-0465",-103.6610115,30.3584919,"Groundwater","Local Government"
"9","Brush Country Groundwater Conservation District","732 W Rice, Falfurrias, TX 78355-3906",-98.1528374,27.2279356,"Groundwater","Local Government"
"10","Calhoun County Groundwater Conservation District","PO Box 1395, Port Lavaca, TX 77979-1395",-96.6260892,28.6149968,"Groundwater","Local Government"
"11","Central Texas Groundwater Conservation District","PO Box 870, Burnet, TX 78611-0870",-98.2283585,30.7582376,"Groundwater","Local Government"
"12","Clear Fork Groundwater Conservation District","105 N Lyon St, Ste C, Roby, TX 79543-2244",-100.3844288,32.7440039,"Groundwater","Local Government"
"13","Clearwater Underground Water Conservation District","PO Box 1989, Belton, TX 76513-5989",-97.464453,31.0560132,"Groundwater","Local Government"
"14","Coastal Bend Groundwater Conservation District","109 E Milam, Wharton, TX 77488-5019",-96.0997599,29.3109402,"Groundwater","Local Government"
"15","Coastal Plains Groundwater Conservation District","2200 7th Street 401, Bay City, TX 77414-5254",-95.9633908,28.9828826,"Groundwater","Local Government"
"16","Coke County Underground Water Conservation District","PO Box 1110, Robert Lee, TX 76945-1110",-100.4848211,31.8923657,"Groundwater","Local Government"
"17","Colorado County Groundwater Conservation District","PO Box 667, Columbus, TX 78934-0667",-96.5396933,29.7066232,"Groundwater","Local Government"
"18","Comal Trinity Groundwater Conservation District","PO Box 664, Spring Branch, TX 78070-0664",-98.4104996,29.8405513,"Groundwater","Local Government"
"19","Corpus Christi ASR Conservation District","1201 Leopard ST, Corpus Christi, TX 78401-2120",-97.4041724,27.7959001,"Groundwater","Local Government"
"20","Cow Creek Groundwater Conservation District","PO Box 1557, Boerne, TX 78006-1557",-98.7319703,29.7946641,"Groundwater","Local Government"
"21","Crockett County Groundwater Conservation District","PO Box 1458, Ozo, TX 76943-1458",-101.0711758,30.5146701,"Groundwater","Local Government"
"22","Culberson County Groundwater Conservation District","PO Box 1295, Van Horn, TX 79855-1295",-104.8307698,31.0398558,"Groundwater","Local Government"
"23","Duval County Groundwater Conservation District","PO Box 506, Bevides, TX 78341-0506",-98.4101542,27.5984153,"Groundwater","Local Government"
"24","Edwards Aquifer Authority","900 E Quincy St, San Antonio, TX 78215",-98.4858972,29.4392207,"Groundwater","Local Government"
"25","Evergreen Underground Water Conservation District","110 Wyoming Blvd, Pleasanton, TX 78064-4463",-98.4828317,28.9446252,"Groundwater","Local Government"
"26","Fayette County Groundwater Conservation District","255 Svoboda Lane, Rm 115, La Grange, TX 78945-5195",-96.897393,29.8975673,"Groundwater","Local Government"
"27","Fort Bend Subsidence District","PO Box 427, Richmond, TX 77406-0011",-95.7607832,29.5821811,"Groundwater","Local Government"
"28","Garza County Underground Water Conservation District","300 W Main Street, Post, TX 79356-3242",-101.3814502,33.1909063,"Groundwater","Local Government"
"29","Gateway Groundwater Conservation District","PO Box 338, Quah, TX 79252-0338",-99.8571416,34.3319523,"Groundwater","Local Government"
"30","Glasscock Groundwater Conservation District","PO Box 208, Garden City, TX 79739-0208",-101.4811969,31.8639016,"Groundwater","Local Government"
"31","Goliad County Groundwater Conservation District","PO Box 562, Goliad, TX 77963-0562",-97.3883265,28.6683252,"Groundwater","Local Government"
"32","Gonzales County Underground Water Conservation District","PO Box 1919, Gonzales, TX 78629-1419",-97.4541724,29.5011372,"Groundwater","Local Government"
"33","Guadalupe County Groundwater Conservation District","PO Box 1221, Seguin, TX 78156-1221",-97.9699244,29.5688025,"Groundwater","Local Government"
"34","Harris-Galveston Coastal Subsidence District","1660 West Bay Area Blvd., Friendswood, TX 77546-2640",-95.1524758,29.5382287,"Groundwater","Local Government"
"35","Hays Trinity Groundwater Conservation District","PO Box 1648, Dripping Springs, TX 78620-1648",-98.0866781,30.1902067,"Groundwater","Local Government"
"36","Headwaters Groundwater Conservation District","125 Lehmann Dr Ste 202, Kerrville, TX 78028-6060",-99.1466098,30.0395323,"Groundwater","Local Government"
"37","Hemphill County Underground Water Conservation District","PO Box 1142, Cadian, TX 79014-1142",-100.3820772,35.91282,"Groundwater","Local Government"
"38","Hickory Underground Water Conservation District No. 1","PO Box 1214, Brady, TX 76825-1214",-99.3350552,31.1351682,"Groundwater","Local Government"
"39","High Plains Underground Water Conservation District No. 1","2930 Avenue Q, Lubbock, TX 79411-2499",-101.8557044,33.5675252,"Groundwater","Local Government"
"40","Hill Country Underground Water Conservation District","508 S Washington St, Fredericksburg, TX 78624-4557",-98.8718816,30.2655586,"Groundwater","Local Government"
"41","Hudspeth County Underground Water Conservation District No. 1","PO Box 212, Dell City, TX 79837-0212",-105.2013453,31.9387239,"Groundwater","Local Government"
"42","Irion County Water Conservation District","PO Box 10, Mertzon, TX 76941-0010",-100.8173263,31.2618316,"Groundwater","Local Government"
"43","Jeff Davis County Underground Water Conservation District","PO Box 1203, Fort Davis, TX 79734-1203",-103.8946253,30.5882111,"Groundwater","Local Government"
"44","Kenedy County Groundwater Conservation District","PO Box 212, Sarita, TX 78385-0212",-97.7893059,27.2217001,"Groundwater","Local Government"
"45","Kimble County Groundwater Conservation District","PO Box 31, Junction, TX 76849-0031",-99.7720109,30.4893555,"Groundwater","Local Government"
"46","Kinney County Groundwater Conservation District","PO Box 369, Brackettville, TX 78832-0369",-100.4178563,29.3105125,"Groundwater","Local Government"
"47","Lipan-Kickapoo Water Conservation District","PO Box 67, Vancourt, TX 76955-0067",-100.177099,31.3439261,"Groundwater","Local Government"
"48","Live Oak Underground Water Conservation District","3460A HWY 281, George West, TX 78022-3759",-98.1175054,28.3325002,"Groundwater","Local Government"
"49","Llano Estacado Underground Water Conservation District","200 SE Ave C, Seminole, TX 79360-4444",-102.6431164,32.7169738,"Groundwater","Local Government"
"50","Lone Star Groundwater Conservation District","655 Conroe Park North, Conroe, TX 77303-2208",-95.4483382,30.3532453,"Groundwater","Local Government"
"51","Lone Wolf Groundwater Conservation District","139 W 2nd St, Colorado City, TX 79512-1001",-100.8676628,32.3885442,"Groundwater","Local Government"
"52","Lost Pines Groundwater Conservation District","PO Box 1027, Smithville, TX 78957-7027",-97.1594321,30.0085542,"Groundwater","Local Government"
"53","Lower Trinity Groundwater Conservation District","602 E Church St., Ste 150, Livingston, TX 77351-7004",-94.9268574,30.7100677,"Groundwater","Local Government"
"54","McMullen Groundwater Conservation District","PO Box 232, Tilden, TX 78072-0232",-98.5493785,28.4615079,"Groundwater","Local Government"
"55","Medi County UWCD","1607 Avenue K, Hondo, TX 78861-1838",-99.1405347,29.3498418,"Groundwater","Local Government"
"56","Merd County Underground Water District","PO Box 1215, Merd, TX 76859-1215",-99.8571416,30.9313882,"Groundwater","Local Government"
"57","Mesa Underground Water Conservation District","PO Box 497, Lamesa, TX 79331-0497",-101.950992,32.7376001,"Groundwater","Local Government"
"58","Mesquite Groundwater Conservation District","802 Ninth Street, Wellington, TX 79095-3018",-100.2149607,34.855345,"Groundwater","Local Government"
"59","Middle Pecos Groundwater Conservation District","PO Box 1644, Fort Stockton, TX 79735-1644",-102.8793222,30.8940431,"Groundwater","Local Government"
"60","Middle Trinity Groundwater Conservation District","930 Wolfe Nursery Rd, Stephenville, TX 76401-1902",-98.2419568,32.2103334,"Groundwater","Local Government"
"61","Mid-East Texas Groundwater Conservation District","PO Box 477, Madisonville, TX 77864-0477",-95.9116188,30.9499111,"Groundwater","Local Government"
"62","Neches & Trinity Valleys Groundwater Conservation District","PO Box 1387, Jacksonville, TX 75766-1387",-95.2705042,31.963778,"Groundwater","Local Government"
"63","North Plains Groundwater Conservation District","PO Box 795, Dumas, TX 79029-0795",-101.9732236,35.8653789,"Groundwater","Local Government"
"64","North Texas Groundwater Conservation District","PO Box 508, Gainesville, TX 76241-0508",-97.13,33.63,"Groundwater","Local Government"
"65","Northern Trinity Groundwater Conservation District","1100 Circle Dr, Ste 300, Fort Worth, TX 76119-8111",-97.3008143,32.6742907,"Groundwater","Local Government"
"66","Panhandle Groundwater Conservation District","PO Box 637, White Deer, TX 79097-0637",-101.1729354,35.4353241,"Groundwater","Local Government"
"67","Panola County Groundwater Conservation District","419 W Sabine ST, Carthage, TX 75633-2453",-94.3440475,32.1553561,"Groundwater","Local Government"
"68","Pecan Valley Groundwater Conservation District","1009 N Esplade, Cuero, TX 77954-3719",-97.2868891,29.0991537,"Groundwater","Local Government"
"69","Permian Basin Underground Water Conservation District","PO Box 1314, Stanton, TX 79782-1314",-101.7884642,32.1292891,"Groundwater","Local Government"
"70","Pineywoods Groundwater Conservation District","PO Box 635187, cogdoches, TX 75963-5187",-94.65507,31.60323,"Groundwater","Local Government"
"71","Plateau Underground Water Conservation And Supply District","PO Box 324, Eldorado, TX 76936-0324",-100.6009299,30.8601745,"Groundwater","Local Government"
"72","Plum Creek Conservation District","1101 W San Antonio St, Lockhart, TX 78644-2423",-97.6861621,29.8835442,"Groundwater","Local Government"
"73","Post Oak Savanh Groundwater Conservation District","PO Box 92, Milano, TX 76556-0092",-96.863314,30.7104729,"Groundwater","Local Government"
"74","Prairielands Groundwater Conservation District","PO Box 3128, Cleburne, TX 76033-3128",-97.3866837,32.3476438,"Groundwater","Local Government"
"75","Presidio County Underground Water Conservation District","PO Box 606, Marfa, TX 79843-0606",-104.020623,30.3094622,"Groundwater","Local Government"
"76","Real-Edwards Conservation And Reclamation District","PO Box 1208, Leakey, TX 78873-1208",-99.761448,29.7288351,"Groundwater","Local Government"
"77","Red River Groundwater Conservation District","PO Box 1214, Sherman, TX 75091-1214",-96.5945875,33.6600293,"Groundwater","Local Government"
"78","Red Sands Groundwater Conservation District","PO Box 229, Linn, TX 78563-0229",-98.1264389,26.5581647,"Groundwater","Local Government"
"79","Reeves County Groundwater Conservation District","PO Box 809, Pecos TX 79772-0809",-103.4932293,31.4229124,"Groundwater","Local Government"
"80","Refugio Groundwater Conservation District","PO Box 116, Refugio, TX 78377-0116",-97.2752704,28.3052838,"Groundwater","Local Government"
"81","Rolling Plains Groundwater Conservation District","PO Box 717, Munday, TX 76371-0717",-99.6228637,33.4492628,"Groundwater","Local Government"
"82","Rusk County Groundwater Conservation District","PO Box 97, Henderson, TX 75653-0097",-94.8,32.15,"Groundwater","Local Government"
"83","San Patricio County Groundwater Conservation District","PO Box 531, Sinton, TX 78387-0531",-97.5091611,28.0366818,"Groundwater","Local Government"
"84","Sandy Land Underground Water Conservation District","PO Box 130, Plains, TX 79355-0130",-102.8279888,33.1887135,"Groundwater","Local Government"
"85","Santa Rita Underground Water Conservation District","PO Box 849, Big Lake, TX 76932-0849",-101.4603945,31.1915437,"Groundwater","Local Government"
"86","Saratoga Underground Water Conservation District","PO Box 168, Lampasas, TX 76550-2860",-98.1816957,31.063784,"Groundwater","Local Government"
"87","South Plains Underground Water Conservation District","PO Box 986, Brownfield, TX 79316-0986",-102.2743489,33.1812035,"Groundwater","Local Government"
"88","Southeast Texas Groundwater Conservation District","PO Box 1407, Jasper, TX 75951-0014",-93.9968812,30.920823,"Groundwater","Local Government"
"89","Southern Trinity Groundwater Conservation District","PO Box 2205, Waco, TX 76703-2205",-97.1334745,31.5535966,"Groundwater","Local Government"
"90","Southwestern Travis County Groundwater Conservation District","PO Box 340595, Austin, TX 78734-0010",-97.9483898,30.3666665,"Groundwater","Local Government"
"91","Starr County Groundwater Conservation District","100 N. FM 3167, Ste 202, Rio Grande City, TX 78582-6689",-98.8600824,26.3750499,"Groundwater","Local Government"
"92","Sterling County Underground Water Conservation District","PO Box 873, Sterling City, TX 76951-0873",-100.9848324,31.8362502,"Groundwater","Local Government"
"93","Sutton County Underground Water Conservation District","301 S Crockett Ave, Sonora, TX 76950-6818",-100.6456339,30.5697861,"Groundwater","Local Government"
"94","Terrell County Groundwater Conservation District","PO Box 927, Sanderson, TX 79848-0927",-102.3940324,30.1424083,"Groundwater","Local Government"
"95","Texa Groundwater Conservation District","PO Box 1098, Ed, TX 77957-1098",-96.7065914,29.0183936,"Groundwater","Local Government"
"96","Trinity Glen Rose Groundwater Conservation District","12790 FM 1560 N Box 1589, Helotes, TX 78023-2265",-98.6788843,29.5625825,"Groundwater","Local Government"
"97","Upper Trinity Groundwater Conservation District","PO Box 1749, Springtown, TX 76082-1749",-97.6836384,32.9659566,"Groundwater","Local Government"
"98","Uvalde County Underground Water Conservation District","200 E Nopal St, STE 203, Uvalde, TX 78801-5332",-99.7841483,29.2124528,"Groundwater","Local Government"
"99","Victoria County Groundwater Conservation District","2805 N varro St, Ste 210, Victoria, TX 77901-3947",-97.0022622,28.8215184,"Groundwater","Local Government"
"100","Wes-Tex Groundwater Conservation District","100 E 3rd St, Ste 305 B, Sweetwater, TX 79556-4572",-100.3947116,32.5125405,"Groundwater","Local Government"
"101","Wintergarden Groundwater Conservation District","PO Box 1433, Carrizo Springs, TX 78834-7433",-99.8606107,28.5219292,"Groundwater","Local Government"
"102","Texas Groundwater Protection Committee","MC 160, P.O. Box 13087, Austin, Texas 78711-3087",-97.7430608,30.267153,"Groundwater","State Agency"
"103","Texas Agricultural Irrigation Association","PO Box 10613, Lubbock, TX 79408",-101.8551665,33.5778631,"Agriculture","Statewide Association"
"104","Texas Rural Water Association","1616 Rio Grande, Austin, TX 78701",-97.7459354,30.2805545,"Rural","NGO"
"105","Lone Star Irrigation Association","P.O. Box 1839, Keller, Texas 76244",-97.276076,32.9458766,"Agriculture","NGO"
"106","Central Texas Professiol Irrigation Association","PO Box 202707, Austin, TX 78759-9998",-97.7525352,30.401356,"Agriculture",NA
"107","Texas Irrigation Association","7201 Langmuir Drive, McKinney, Texas 75071",-96.7109169,33.2119175,"Agriculture",NA
"108","Ables Springs Special Utility District","30100 FM 429, Terrell, TX 75161",-96.1321968,32.813699,"Rural","Local Government"
"109","Bitter Creek WSC South","2803 E Broadway Ave, Sweetwater, TX 79556-1177",-100.3745509,32.4839793,"Rural","Utilities"
"110","Blair WSC","PO Box 386, Merkel, TX 79536-0386",-100.0109012,32.4723013,"Rural","Utilities"
"111","Brice Lesley WSC","PO Box 32, Lakeview, TX 79239-0032",-100.6967843,34.6740087,"Rural","Utilities"
"112","Ira WSC","PO Box 186, Ira, TX 79527-0186",-101.0034205,32.581721,"Rural","Utilities"
"113","Olden WSC","PO Box 61, Olden, TX 76466-0061",-98.7508939,32.4190198,"Rural","Utilities"
"114","Valley WSC","PO Box 342, Spur, TX 79370",-100.8556857,33.4764767,"Rural","Utilities"
"115","View Caps Water Supply Corporation","7017 Hwy 277 South, Abilene, TX 79606-5730",-99.8029308,32.4090551,"Rural","Utilities"
"116","Westbound WSC","PO Box 309, Cisco, TX 76437-0309",-98.9792336,32.3881861,"Rural","Utilities"
"117","Fort Griffin SUD","1180 County Road 109, Albany, TX 76430-4141",-99.2456431,32.7793755,"Rural","Utilities"
"118","Graham East WSC","PO Box 1330, Graham, TX 76450-1330",-98.589502,33.1070597,"Rural","Utilities"
"119","Wichita Valley WSC","PO Box 550, Holliday, TX 76366-0550",-98.6950595,33.8162095,"Rural","Utilities"
"120","Wildorado WSC","PO Box 154, Wildorado, TX 79098-0154",-102.2016461,35.2068558,"Rural","Utilities"
"121","Windthorst WSC","PO Box 112, Windthorst, TX 76389-0113",-98.4364968,33.5792195,"Rural","Utilities"
"122","Eastland County WSD","PO Box 16, Ranger, TX 76470-0016",-98.6809205,32.4721338,"Rural","Utilities"
"123","Bushland WSC","PO Box 174, Bushland, TX 79012",-102.0635867,35.1898908,"Rural","Utilities"
"124","Canyon Ridge Utilities","506 South Lipscomb, Amarillo, TX 79101",-101.8526358,35.2104911,"Rural","Utilities"
"125","Eula WSC","5744 FM 603, Clyde, TX 79510-6320",-99.561763,32.3463294,"Rural","Utilities"
"126","Fort Belknap WSC","315 Fifth Street, Graham, TX 76450",-98.5930294,33.1099571,"Rural","Utilities"
"127","Friberg-Cooper WSC","174 Bailey Rd, Wichita Falls, TX 76305-6182",-98.5159149,34.0242059,"Rural","Utilities"
"128","Staff WSC","PO Box 421, Ranger, TX 76470-0421",-98.6809205,32.4721338,"Rural","Utilities"
"129","City of Gorman","PO Box 236, Gorman, TX 76454-0236",-98.6727199,32.2112446,"Rural","Utilities"
"130","King Cottle WSC","P.O. Box 891, Paducah, TX 79248",-100.3020588,34.0123005,"Rural","Utilities"
"131","Southwest Gardens Water System","4601 66th Street, Lubbock, TX 79414",-101.9101672,33.5338795,"Rural","Utilities"
"132","City of Shallowater","PO Box 246, Shallowater, TX 79363",-101.9857286,33.6780865,"Rural","Utilities"
"133","Barton WSC","PO Box 272, Gordon, TX 76453-0272",-98.3693276,32.5473728,"Rural","Utilities"
"134","Baylor County SUD","PO Box 426, Seymour, TX 76380-0426",-99.2603531,33.5942608,"Rural","Utilities"
"135","Callahan County WSC","218 N Access Rd, Clyde, TX 79510",-99.4988343,32.4132302,"Rural","Utilities"
"136","Steamboat Mountain WSC","PO Box 367, Tuscola, TX 79562-0367",-99.7967542,32.2095776,"Rural","Utilities"
"137","Stephens Regional SUD","PO Box 1621, Breckenridge, TX 76424-1621",-98.9022898,32.7556768,"Rural","Utilities"
"138","Sunday Canyon WSC","10530 Mountain Trl, Canyon, TX 79015-8746",-101.7123262,34.9629711,"Rural","Utilities"
"139","City of Megargel","PO Box 31, Megargel, TX 76370-0031",-98.924511,33.4509353,"Rural","Utilities"
"140","Sturdivant-Progress WSC","241 Village Bend Rd, Mineral Wells, TX 76067",-98.1084818,32.7337693,"Rural","Utilities"
"141","SUN WSC","PO Box 217, Merkel, TX 79536-0217",-100.0109012,32.4723013,"Rural","Utilities"
"142","Texline Municipal Water System","517 S Second St, Texline, TX 79087",-103.0167136,36.373043,"Rural","Utilities"
"143","Thalia WSC","PO Box 4, Crowell, TX 79227",-99.7253974,33.9849277,"Rural","Utilities"
"144","U&F WSC","720 Armadillo Ln, Snyder, TX 79549-0362",-100.9729345,32.732658,"Rural","Utilities"
"145","City of Booker","PO Box M, Booker, TX 79005",-100.5377714,36.453623,"Rural","Utilities"
"146","Town of Buffalo Gap","PO Box 506, Buffalo Gap, TX 79508-0506",-99.8300894,32.2792968,"Rural","Utilities"
"147","City of Earth","PO Box 10, Earth, TX 79031-0010",-102.4107493,34.2331373,"Rural","Utilities"
"148","City of Forsan","PO Box 714, Forsan, TX 79733-0714",-101.3662316,32.109848,"Rural","Utilities"
"149","Hamby WSC","4043 State Hwy  351, Abilene, TX 79601-7425",-99.6429875,32.5048042,"Rural","Utilities"
"150","Hartley WSC","PO Box 17, Hartley, TX 79044-0017",-102.3957734,35.8843836,"Rural","Utilities"
"151","Hawley WSC","PO Box 296, Hawley, TX 79525-0296",-99.8142586,32.6120643,"Rural","Utilities"
"152","Morton Valley WSC","PO Box 550, Eastland, TX 76448-0550",-98.8175623,32.4015198,"Rural","Utilities"
"153","Welch WSC","PO Box 36, Welch, TX 79377-0036",-102.1271253,32.9266193,"Rural","Utilities"
"154","City of Jayton","P.O. Box 46, Jayton, TX 79528",-100.5737264,33.2481485,"Rural","Utilities"
"155","Ericksdahl Water Supply","PO Box 1206, Stamford, TX 79553",-99.8028709,32.9453874,"Rural","Utilities"
"156","Paint Creek WSC","PO Box 829, Stamford, TX 79553-0829",-99.8028709,32.9453874,"Rural","Utilities"
"157","Hermleigh Water System","1806 25th Street, Suite 200, Snyder, TX 79549",-100.9177975,32.7166141,"Rural","Utilities"
"158","Lake Palo Pinto Area WSC","PO Box 410, Gordon, TX 76453-0410",-98.3692161,32.5484637,"Rural","Utilities"
"159","Palo Pinto WSC","PO Box 157, Palo Pinto, TX 76484-0157",-98.2987543,32.7679859,"Rural","Utilities"
"160","Potosi WSC","734 FM 1750, Abilene, TX 79602-7712",-99.6573991,32.328737,"Rural","Utilities"
"161","Loop WSC","PO Box N, Loop, TX 79342-0375",-106.2725195,31.6568815,"Rural","Utilities"
"162","Possum Kingdom WSC","1170 Willow Rd, Graford, TX 76449-3193",-98.4402074,32.9092931,"Rural","Utilities"
"163","North Rural WSC","PO BOX 716, Mineral Wells, TX 76068",-98.1128223,32.8084605,"Rural","Utilities"
"164","Santo SUD","PO Box 248, Santo, TX 76472-0248",-98.2156625,32.6028204,"Rural","Utilities"
"165","Hudspeth County WCID #1","PO Box 188, Sierra Blanca, TX 79851-0188",-105.3600781,31.1759185,"Rural","Utilities"
"166","North Runnels WSC","PO Box 895, Winters, TX 79567-0895",-99.962313,31.9565343,"Rural","Utilities"
"167","West Medina WSC","PO Box 365, D Hanis, TX 78850-0365",-99.2807978,29.3311141,"Rural","Utilities"
"168","Fort Hancock WCID #1","PO Box 65, Fort Hancock, TX 79839-0065",-105.8551682,31.2901549,"Rural","Utilities"
"169","Garden City Water System","PO Box 356, Garden City, TX 79739-0356",-101.4789787,31.8641337,"Rural","Utilities"
"170","Yancey WSC","PO Box 127, Yancey, TX 78886",-99.1388695,29.1397479,"Rural","Utilities"
"171","Carlsbad Fresh Water Dist. #1","P.O. Box 24, Carlsbad, TX 76934",-100.6457265,31.6113279,"Rural","Utilities"
"172","El Paso County Tornillo WID","PO Box 136, Tornillo, TX 79853-0136",-106.0877502,31.4432296,"Rural","Utilities"
"173","Millersview Doole WSC","PO Box 130, Millersview, TX 76862-0130",-99.7552824,31.411159,"Rural","Utilities"
"174","Ranch Hills WSC","927 Silver Springs, Helotes, TX 78023",-98.8404388,29.6633788,"Rural","Utilities"
"175","City of Devine","303 S Teel Dr, Devine, TX 78016",-98.9069005,29.1377334,"Rural","Utilities"
"176","El Paso County WCID #4","PO Box 3880, Fabens, TX 79838",-106.1585867,31.50234,"Rural","Utilities"
"177","Fort Davis WSC","PO Box 825, Fort Davis, TX 79734-0009",-103.8917227,30.5974177,"Rural","Utilities"
"178","City of Bronte","PO Box 370, Bronte, TX 76933-0370",-100.2917601,31.8873671,"Rural","Utilities"
"179","Southwest Sandhills WSC","PO Box 1473, Monahans, TX 79756-1473",-102.8926536,31.5942991,"Rural","Utilities"
"180","Fort Davis Estates, Inc.","201 W Mosley Lane, Alpine, TX 79830",-103.6898415,30.3496475,"Rural","Utilities"
"181","Bandera County FWSD #1","220 Water View Dr, Lakehills, TX 78063-6364",-98.9232836,29.5738309,"Rural","Utilities"
"182","Study Butte WSC","PO Box 148, Terlingua, TX 79852-0148",-103.6160191,29.321586,"Rural","Utilities"
"183","Terrell County WCID #1","PO Box 569, Sanderson, TX 79848-0569",-102.3995686,30.140675,"Rural","Utilities"
"184","Concan WSC","PO Box 185, Concan, TX 78838",-99.7125536,29.4952315,"Rural","Utilities"
"185","Tom Green County FWSD #3","11191 Northcross Ln, San Angelo, TX 76904-3622",-100.6309829,31.3192686,"Rural","Utilities"
"186","City of Camp Wood","PO Box 130, Camp Wood, TX 78833",-100.0129108,29.6700128,"Rural","Utilities"
"187","MAVERICK COUNTY WCID#1","1622 MAVERICK INDUSTRIAL PARK ROAD, EAGLE PASS, TX 78852",-100.436332,28.6347689,"Rural","Utilities"
"188","Avalon Point Water Services, LLC","2637 West 45th Street, Austin, TX 78731",-97.7519622,30.3199582,"Rural","Utilities"
"189","Seguro Water Co","PO Box 781248, San Antonio, TX 78278",-98.4064432,29.4043129,"Rural","Utilities"
"190","Benton City WSC","980 FM 3175, Lytle, TX 78052",-98.7934994,29.2075753,"Rural","Utilities"
"191","City of Balmorhea","PO Box 323, Balmorhea, TX 79718-0323",-103.7446257,30.9843123,"Rural","Utilities"
"192","City of Castroville","703 Paris St, Castroville, TX 78009-4578",-98.8804244,29.3547897,"Rural","Utilities"
"193","City of Eden","PO Box 915, Eden, TX 76837-0915",-99.8456277,31.216276,"Rural","Utilities"
"194","City of Grandfalls","P.O. Box 327, Grandfalls, TX 79742-0327",-102.8518202,31.3393072,"Rural","Utilities"
"195","Highway 117 WSC","PO Box 1117, Uvalde, TX 78802-1117",-99.7861679,29.2096836,"Rural","Utilities"
"196","Town of Van Horn","PO Box 517, Van Horn, TX 79855-0517",-104.8307698,31.0398558,"Rural","Utilities"
"197","Utopia WSC","PO Box 414, Utopia, TX 78884-0414",-99.5269926,29.6152274,"Rural","Utilities"
"198","Lower Valley Water District","1557 FM 1110 RD, CLINT, TX 79836",-106.2000472,31.5976975,"Rural","Utilities"
"199","Flying L Public Utility District","281 Stone Crest Dr., Bandera, TX 78003",-99.043934,29.711192,"Rural","Utilities"
"200","City of Valentine","PO Box 6, Valentine, TX 79854-0006",-104.501729,30.5892022,"Rural","Utilities"
"201","Coke County WSC","10390 Hwy 159 West, Robert Lee, TX 76945",-96.1334385,30.0281776,"Rural","Utilities"
"202","Coleman County SUD","214 Santa Anna Ave, Coleman, TX 76834-7412",-99.4167739,31.8120659,"Rural","Utilities"
"203","Lake Ridge Water System, LP","1301 S Capital of TX Hwy, Ste A234, Austin, TX 78746",-97.8190771,30.2795378,"Rural","Utilities"
"204","Pecos County Fresh Water","PO Box 10, Fort Stockton, TX 79735-0010",-102.8784646,30.887991,"Rural","Utilities"
"205","Pecos County WCID #1","P.O. Box 696, Fort Stockton, TX 79735-0696",-102.8784646,30.887991,"Rural","Utilities"
"206","Windmill WSC","PO Box 948, Uvalde, TX 78802-0948",-99.7861679,29.2096836,"Rural","Utilities"
"207","North San Saba WSC","PO Box 598, San Saba, TX 76877-0598",-98.7180322,31.1913299,"Rural","Utilities"
"208","City of Natalia","PO Box 270, Natalia, TX 78059-0270",-98.8625269,29.189684,"Rural","Utilities"
"209","Greater Gardendale WSC","PO Box 322, Gardendale, TX 79758-0322",-102.3824528,32.034474,"Rural","Utilities"
"210","New Alsace WSC","2908 Avenue H, Hondo, TX 78861-3334",-99.1367516,29.3380714,"Rural","Utilities"
"211","Tom Green Co FWD #2","19575 3rd Street, Christoval, TX 76935",-100.4963226,31.1917575,"Rural","Utilities"
"212","Creekwood Ranches WSC","471 CR 4510, Hondo, TX 78861",-95.5665273,33.2212547,"Rural","Utilities"
"213","Crockett County WCID #1","PO Box 117, Ozona, TX 76943",-101.2013819,30.7022249,"Rural","Utilities"
"214","Marathon WSC","PO Box 322, Marathon, TX 79842-0322",-103.2446205,30.2051688,"Rural","Utilities"
"215","Bandera River Ranch WSC","161 Broken Spur, Bandera, TX 78003",-98.9973645,29.7262425,"Rural","Utilities"
"216","Lakeland Services","279 CR 160, Brady, TX 76825",-99.4435704,31.1596122,"Rural","Utilities"
"217","Lohn WSC","PO Box 181, Lohn, TX 76852-0181",-99.4100566,31.3237752,"Rural","Utilities"
"218","Madera Valley WSC","PO Box 9009, Verhalen, TX 79772-9009",-103.5935106,31.1265311,"Rural","Utilities"
"219","McDonald Observatory","82 Mt Locke Rd, Mcdonald Observatory, TX 79734-3005",-104.0226864,30.6712618,"Rural","Utilities"
"220","Real WSC","PO Box 426, Hunt, TX 78024",-99.3379764,30.0710434,"Rural","Utilities"
"221","Red Creek MUD","422 Red Creek Rd, San Angelo, TX 76905-8328",-100.4302834,31.5447108,"Rural","Utilities"
"222","Devil's Shores WSC","PO Box 421535, Del Rio, TX 78842",-100.9009816,29.3844047,"Rural","Utilities"
"223","East Medina County SUD","PO Box 628, Devine, TX 78016",-98.905306,29.1399633,"Rural","Utilities"
"224","Medina River West WSC","PO Box 548, Castroville, TX 78009-0548",-98.8786387,29.3557903,"Rural","Utilities"
"225","Medina WSC","PO Box 1384, Medina, TX 78055-1384",-99.248516,29.7972496,"Rural","Utilities"
"226","Richland SUD","Box 217, Richland Springs, TX 76871-0217",-98.9450461,31.2696099,"Rural","Utilities"
"227","City of Menard","PO Box 145, Menard, TX 76859",-99.7864587,30.9176736,"Rural","Utilities"
"228","Black Rock WSC","PO Box 430, Aubrey, TX 76227-0430",-96.986118,33.3042834,"Rural","Utilities"
"229","Bolivar WSC","PO Box 1789 / 4151 FM 455 West, Sanger, TX 76266",-97.1364172,33.3715301,"Rural","Utilities"
"230","City of Richland","103 W Main St / PO Box 179, Richland, TX 76681-0179",-96.4294257,31.9268257,"Rural","Utilities"
"231","Johnson County SUD","740 FM 3048, Joshua, TX 76058",-97.3722101,32.4208228,"Rural","Utilities"
"232","Walnut Creek SUD","PO Box 657, Springtown, TX 76082-0657",-97.7028049,32.9674095,"Rural","Utilities"
"233","West Wise SUD","PO Box 566, Bridgeport, TX 76426-0566",-97.7538921,33.2106566,"Rural","Utilities"
"234","Era WSC","PO Box 21, 6955 W FM 922, Era, TX 76238-0021",-97.2953249,33.4959254,"Rural","Utilities"
"235","Green Creek WSC","316 N Patrick, Dublin, TX 76446",-98.3416364,32.0890083,"Rural","Utilities"
"236","Green Springs WSC","PO Box 129, Sanger, TX 76266-0129",-97.1739027,33.3631705,"Rural","Utilities"
"237","Winkler WSC","2038 Loper, Streetman, TX 75859",-96.2741144,31.9441582,"Rural","Utilities"
"238","Rockett SUD","PO Box 40, Red Oak, TX 75154-0040",-96.8153,32.5332101,"Rural","Utilities"
"239","Sardis Lone Elm WSC","1941 Bryson Lane, Midlothian, TX 76065-6162",-96.9084828,32.5037759,"Rural","Utilities"
"240","Somervell County Water District","PO Box 1386, Glen Rose, TX 76043-1386",-97.7553061,32.2345872,"Rural","Utilities"
"241","City of Cresson","8901 E Hwy  377, Cresson, TX 76035",-97.6254864,32.5221062,"Rural","Utilities"
"242","Acton MUD","6420 Lusk Branch Ct, Granbury, TX 76049-2035",-97.6718308,32.4279671,"Rural","Utilities"
"243","Argyle WSC","PO Box 249, Argyle, TX 76226-0249",-97.1833475,33.1212321,"Rural","Utilities"
"244","Buena Vista-Bethel SUD","312 S Oak Branch Rd, Waxahachie, TX 75167-7832",-96.9560792,32.3255753,"Rural","Utilities"
"245","Chatfield WSC","PO Box 158, Powell, TX 75153-0158",-96.3278729,32.1177202,"Rural","Utilities"
"246","City of Iredell","PO Box 147, Iredell, TX 76649",-97.8716444,31.9842959,"Rural","Utilities"
"247","South Ellis County WSC","PO Box 348, Italy, TX 76651-0348",-96.8847194,32.1840381,"Rural","Utilities"
"248","Bourland Estates WSC","101 Constellation Drive, Cresson, TX 76035",-97.5958432,32.5833683,"Rural","Utilities"
"249","East Garrett WSC","PO Box 607, Ennis, TX 75120",-96.6252679,32.3293111,"Rural","Utilities"
"250","Grand Harbor WSC","4101 W Green Oaks Blvd, Ste 305, PMB 188, Arlington, TX 76016",-97.1951207,32.6821746,"Rural","Utilities"
"251","B&B WSC","1501 N 45th St, Corsicana, TX 75110-1725",-96.5152358,32.0806021,"Rural","Utilities"
"252","Childress Creek WSC","255 County Road 3405, Clifton, TX 76634-3423",-97.5135445,31.7956018,"Rural","Utilities"
"253","City of Frost","P.O. Box X, Frost, TX 76641",-96.8077898,32.0813246,"Rural","Utilities"
"254","Community WSC","12190 Liberty School Rd, Azle, TX 76020-5412",-97.5258454,32.9513568,"Rural","Utilities"
"255","Cross Timbers WSC","2032 E Hickory Hill Rd, Argyle, TX 76226",-97.1289132,33.1170729,"Rural","Utilities"
"256","City of Blue Mound","1817 Fagan Dr., Blue Mound, TX 76131",-97.3339213,32.8580958,"Rural","Utilities"
"257","Bethany SUD","133 S County Road 810, Alvarado, TX 76009-8409",-97.2616557,32.4067805,"Rural","Utilities"
"258","CS Water Corporation","102 N 30th St, Waco, TX 76710",-97.1553955,31.5364804,"Rural","Utilities"
"259","Bethesda WSC","PO Box 130, Burleson, TX 76097-0130",-97.3208492,32.5420821,"Rural","Utilities"
"260","Morgan Mill WSC","PO Box 7, Morgan Mill, TX 76465-0007",-98.170032,32.3841586,"Rural","Utilities"
"261","Mountain Springs WSC","PO Box 219, Valley View, TX 76272-0219",-97.1650128,33.4881671,"Rural","Utilities"
"262","Mustang SUD","7985 FM 2931, Aubrey, TX 76227",-96.9372257,33.3049845,"Rural","Utilities"
"263","Mustang Valley WSC","PO Box 6, Cranfills Gap, TX 76637",-97.8258601,31.7737659,"Rural","Utilities"
"264","Nash-Forreston WSC","PO Box 58, Forreston, TX 76041-0058",-96.8661945,32.257662,"Rural","Utilities"
"265","Nocona Hills WSC","102 Nocona Dr, Nocona, TX 76255-9262",-97.6195975,33.83824,"Rural","Utilities"
"266","Town of Ponder","405 Shaffner St, Ponder, TX 76259-7053",-97.2890814,33.1841102,"Rural","Utilities"
"267","Trophy Club MUD #1","100 Municipal Drive, Trophy Club, TX 76262",-97.1882869,32.9970112,"Rural","Utilities"
"268","Corbet WSC","1724 FM 2452, Corsicana, TX 75110-0436",-96.5375413,32.0069669,"Rural","Utilities"
"269","Lake Kiowa SUD","133 Kiowa Dr S, Lake Kiowa, TX 76240-9539",-97.0144388,33.5530825,"Rural","Utilities"
"270","Highland Park WSC","PO Box 254, China Spring, TX 76633-0254",-97.3071188,31.6457098,"Rural","Utilities"
"271","Parker County SUD","500 Brock Spur, Millsap, TX 76066-3543",-97.953774,32.6967008,"Rural","Utilities"
"272","Parker WSC","7001 CR 1200, Cleburne, TX 76031-0848",-97.3041767,32.2461035,"Rural","Utilities"
"273","Angus WSC","212 FM 739, Corsicana, TX 75109-9451",-96.432616,32.0091148,"Rural","Utilities"
"274","Bluff Dale WSC","PO Box 232, Bluff Dale, TX 76433-0232",-98.0214261,32.3509718,"Rural","Utilities"
"275","Whitt WSC","PO Box 61, Whitt, TX 76490-0061",-98.0188892,32.9561128,"Rural","Utilities"
"276","City of Lindsay","PO Box 153, Lindsay, TX 76250-0153",-97.2227927,33.635941,"Rural","Utilities"
"277","Harbor Grove WSC","PO Box 575, Lake Dallas, TX 75065-0575",-97.0305642,33.1214385,"Rural","Utilities"
"278","King Creek WSC","PO Box 60, Clifton, TX 76634",-97.5766862,31.7823798,"Rural","Utilities"
"279","Red Rock WSC","PO Box 270103, Flower Mound, TX 75027",-97.0637147,33.0367629,"Rural","Utilities"
"280","Millsap WSC","PO Box 158, Millsap, TX 76066",-98.007963,32.7465237,"Rural","Utilities"
"281","Mountain Peak SUD","5671 Waterworks Rd, Midlothian, TX 76065",-97.0235928,32.4213844,"Rural","Utilities"
"282","Navarro Mills WSC","1160 FM 667, Purdon, TX 76679-3186",-96.6850937,31.9602764,"Rural","Utilities"
"283","Rice WSC","PO Box 137, Rice, TX 75155-0137",-96.4976869,32.2444848,"Rural","Utilities"
"284","Rural Bardwell WSC","PO Box 26, Itasca, TX 75101",-97.1500074,32.1595947,"Rural","Utilities"
"285","Avalon Water Supply & Sewer Service Corp.","PO Box 70, Avalon, TX 76623-0070",-96.7910487,32.20501,"Rural","Utilities"
"286","Bold Springs WSC","PO Box 427, West, TX 76691-0427",-97.0909551,31.8023057,"Rural","Utilities"
"287","Kempner WSC","PO Box 103, Kempner, TX 76539",-98.0025249,31.081007,"Rural","Utilities"
"288","O & B WSC","8950 FM 935, Troy, TX 76579",-97.2800506,31.1954463,"Rural","Utilities"
"289","Gholson WSC","12520 Gholson Rd, Waco, TX 76705-5609",-97.2104767,31.6954701,"Rural","Utilities"
"290","EOL WSC","9645 Elk Rd, Axtell, TX 76624-1500",-96.9318787,31.6192874,"Rural","Utilities"
"291","Moffat WSC","5460 Lakeaire Blvd, Temple, TX 76502-6826",-97.4666602,31.1804349,"Rural","Utilities"
"292","Mooreville WSC","261 CR 499 A, Chilton, TX 76632-3037",-97.1302024,31.2965726,"Rural","Utilities"
"293","Ross WSC","PO Box 202, Ross, TX 76684-0202",-97.1197133,31.7177865,"Rural","Utilities"
"294","Cego-Durango WSC","PO Box 457, Chilton, TX 76632-0457",-97.0650064,31.2803897,"Rural","Utilities"
"295","Central Bosque WSC","PO Box 344, Mc Gregor, TX 76657-0344",-97.4091792,31.4440557,"Rural","Utilities"
"296","Central Texas WSC","PO Box 2393, Harker Heights, TX 76548",-97.6597376,31.0835102,"Rural","Utilities"
"297","Chalk Bluff WSC","6511 Gholson Rd, Waco, TX 76705-5332",-97.1448981,31.6518128,"Rural","Utilities"
"298","South Bosque WSC","540 River Park Rd, Mc Gregor, TX 76657",-97.2876058,31.4952927,"Rural","Utilities"
"299","Cross Country WSC","14933 Wortham Bend Rd, China Spring, TX 76633",-97.2792388,31.6824914,"Rural","Utilities"
"300","439 WSC","6202 Sparta Rd, Belton, TX 76513",-97.5185056,31.1028669,"Rural","Utilities"
"301","City of Evant","Box 10, Evant, TX 76525",-98.1519777,31.4762719,"Rural","Utilities"
"302","FLAT WSC","490 E FM 931, Gatesville, TX 76528-4245",-97.627632,31.3143624,"Rural","Utilities"
"303","Fort Gates WSC","103 Gateway Cir, Gatesville, TX 76528-3128",-97.7068585,31.4001283,"Rural","Utilities"
"304","Spring Valley WSC","PO Box 20246, Waco, TX 76702-0246",-97.1466695,31.549333,"Rural","Utilities"
"305","China Spring Community WSC","PO Box 385, China Spring, TX 76633-0385",-97.3071188,31.6457098,"Rural","Utilities"
"306","Southern Trinity GCD","POB 2205, Waco, TX 76703",-97.1995404,31.5144451,"Rural","Utilities"
"307","Armstrong WSC","PO Box 155, Holland, TX 76534-0155",-97.4016697,30.8782423,"Rural","Utilities"
"308","Axtell WSC","PO Box 180, Axtell, TX 76624-0180",-96.9722113,31.6568369,"Rural","Utilities"
"309","Golinda WSC","6658 Golinda Dr, Lorena, TX 76655-4374",-97.0829824,31.3772009,"Rural","Utilities"
"310","The Grove WSC","1903 Straws Mill Rd, Gatesville, TX 76528-3138",-97.7232932,31.3909214,"Rural","Utilities"
"311","Comanche County WSC","PO Box 282, De Leon, TX 76444-0282",-98.5401347,32.1182927,"Rural","Utilities"
"312","H&H WSC","172 Old Hallsburg Rd, Riesel, TX 76682-3109",-96.9895995,31.5220701,"Rural","Utilities"
"313","City of Holland","PO Box 157, Holland, TX 76534-0157",-97.4016697,30.8782423,"Rural","Utilities"
"314","Mountain WSC","PO Box 1045, Gatesville, TX 76528",-97.743911,31.4351645,"Rural","Utilities"
"315","MS WSC","12910 East Hwy 6, Riesel, TX 76682",-96.9323634,31.4941134,"Rural","Utilities"
"316","Multi County WSC","PO Box 1006, Gatesville, TX 76528-6006",-97.743911,31.4351645,"Rural","Utilities"
"317","Topsey WSC","4371 FM 1113, Copperas Cove, TX 76522-7421",-97.9837139,31.2166316,"Rural","Utilities"
"318","Tri County SUD","PO Box 976, Marlin, TX 76661-0976",-96.8980439,31.3062874,"Rural","Utilities"
"319","Upper Leon River MWD","2250 Hwy  2861, Comanche, TX 76442-5619",-98.5176199,31.9654976,"Rural","Utilities"
"320","Elm Creek WSC","603 Avenue E / PO Box 538, Moody, TX 76557",-97.3613977,31.3082273,"Rural","Utilities"
"321","West Bell County WSC","PO Box 1422, Killeen, TX 76540-1422",-97.7277959,31.1171194,"Rural","Utilities"
"322","Westphalia WSC","178 County Road 388, Lott, TX 76656-3525",-97.1108927,31.1314693,"Rural","Utilities"
"323","City of Riesel","PO Box 249, Riesel, TX 76682-0249",-96.9233257,31.4748925,"Rural","Utilities"
"324","Pendleton WSC","Po Box 100 / 9675 Spur 1237, Pendleton, TX 76579",-97.3494555,31.195442,"Rural","Utilities"
"325","Zephyr WSC","PO Box 722, Zephyr, TX 76890-0722",-98.7946884,31.6754025,"Rural","Utilities"
"326","Hog Creek WSC","PO Box 645, Valley Mills, TX 76689-2517",-97.472238,31.6593282,"Rural","Utilities"
"327","Coryell City WSD","9440 FM 929, Gatesville, TX 76528-3305",-97.6241027,31.5432366,"Rural","Utilities"
"328","Cottonwood Water Supply Corporation","PO Box 569, West, TX 76691",-97.0909551,31.8023057,"Rural","Utilities"
"329","Leroy-Tours-Gerald WSC","312 W Commerce, Leroy, TX 76654-0022",-97.0197984,31.7305687,"Rural","Utilities"
"330","Levi WSC","PO Box 490 / 2757 Rosenthal Pkwy, Lorena, TX 76655-0490",-97.1731124,31.388717,"Rural","Utilities"
"331","Pure WSC","PO Box 154414, Waco, TX 76715-4414",-97.1702791,31.5278271,"Rural","Utilities"
"332","Patrick WSC","245 Goldman Ln, Waco, TX 76708-7040",-97.246386,31.684951,"Rural","Utilities"
"333","Dog Ridge WSC","PO Box 232, Belton, TX 76513-0232",-97.464453,31.0560132,"Rural","Utilities"
"334","East Bell WSC","16490 State Hwy  53, Temple, TX 76501-3404",-97.1669825,31.0462555,"Rural","Utilities"
"335","East Crawford WSC","PO Box 180, Crawford, TX 76638-0180",-97.44404,31.5363111,"Rural","Utilities"
"336","May WSC","PO Box 98, May, TX 76857-0098",-98.9204737,31.9794567,"Rural","Utilities"
"337","McLennan County WCID #2","PO Box 116, Elm Mott, TX 76640-0116",-97.10083,31.670983,"Rural","Utilities"
"338","North Bosque WSC","PO Box 330, Crawford, TX 76638-0330",-97.44307,31.5343308,"Rural","Utilities"
"339","Salado WSC","410 Salado Plaza Dr, Salado, TX 76571",-97.5296532,30.9554995,"Rural","Utilities"
"340","West Brazos WSC","PO Box 20624, Waco, TX 76702-0624",-97.1466695,31.549333,"Rural","Utilities"
"341","Leon Junction WSC","1375 CR 321, Gatesville, TX 76528",-97.6158587,31.3581441,"Rural","Utilities"
"342","Bosque Basin WSC","PO Box 8, China Spring, TX 76633",-97.3071188,31.6457098,"Rural","Utilities"
"343","City of Rogers","2 W Mesquite / PO Box 250, Rogers, TX 76569",-97.2270622,30.9319089,"Rural","Utilities"
"344","Jonestown WSC","PO Box 5096, Jonestown, TX 78645-0003",-97.9233468,30.4954748,"Rural","Utilities"
"345","Kennedy Ridge WSC","PO Box 758, Del Valle, TX 78617",-97.6472349,30.2091069,"Rural","Utilities"
"346","North Milam WSC","PO Box 150, Cameron, TX 76520-0150",-96.9769304,30.8532454,"Rural","Utilities"
"347","Wadsworth WSC","PO Box 368, Wadsworth, TX 77483-0368",-95.934442,28.8305096,"Rural","Utilities"
"348","Ellinger Sewer & WSC","PO Box 130, Ellinger, TX 78938-0130",-96.7046493,29.838582,"Rural","Utilities"
"349","Midfield WSC","PO Box 94, Midfield, TX 77458-0094",-96.2124108,28.9392173,"Rural","Utilities"
"350","Milano WSC","PO Box 181, Milano, TX 76556",-96.863314,30.7104729,"Rural","Utilities"
"351","Minerva WSC","466 Cedar Grove Rd, Rockdale, TX 76567-4227",-96.9800384,30.7555999,"Rural","Utilities"
"352","Rock Island WSC","PO Box 144, Rock Island, TX 77470-0144",-96.5739598,29.5309833,"Rural","Utilities"
"353","Caney Creek MUD","PO BOX 4108, Sargent, TX 77414",-95.6646761,28.8352564,"Rural","Utilities"
"354","Sheridan WSC","PO Box 206, Sheridan, TX 77475-0206",-96.6744818,29.4940754,"Rural","Utilities"
"355","Slaughter Creek Acres WSC","10620 Creek View Dr, Austin, TX 78748-2202",-97.8236443,30.1603939,"Rural","Utilities"
"356","Aqua WSC","415 Old Austin Hwy / PO Drawer P, Bastrop, TX 78602-1989",-97.3293732,30.1095892,"Rural","Utilities"
"357","Fayette County WCID Monument Hill","100 Country Club Drive, La Grange, TX 78945",-96.8775841,29.883918,"Rural","Utilities"
"358","Fayette WSC","PO Box 724, La Grange, TX 78945-0724",-96.876647,29.9055033,"Rural","Utilities"
"359","City of Flatonia","PO Box 329, Flatonia, TX 78941-0329",-97.1073531,29.6869266,"Rural","Utilities"
"360","Southwest Milam WSC","PO Box 232, Rockdale, TX 76567-0232",-97.0013744,30.6554759,"Rural","Utilities"
"361","Barton Springs EACD","1124 Regal Row Ste D, Austin, TX 78748-3708",-97.8314837,30.1473539,"Rural","Utilities"
"362","Bastrop County WCID 2","PO Box 708, Bastrop, TX 78602-0708",-97.3152701,30.1104947,"Rural","Utilities"
"363","Cape Carancahua WSC","416 Carancahua Blvd, Palacios, TX 77465",-96.4201143,28.7276698,"Rural","Utilities"
"364","Gause WSC","PO Box 97, Gause, TX 77857-0097",-96.7213641,30.7851923,"Rural","Utilities"
"365","Glidden FWSD #1","PO Box 85, Columbus, TX 78934-0085",-96.5396933,29.7066232,"Rural","Utilities"
"366","City of Sunset Valley","3205 jones rd, Sunset Valley, TX 78745",-97.8103046,30.2280418,"Rural","Utilities"
"367","Tonkawa WSC","601 Jim Bowie, Spicewood, TX 78669",-98.0940619,30.427034,"Rural","Utilities"
"368","Travis County WCID #19","500 N Capital Of Texas Hwy, Austin, TX 78746",-97.8282968,30.3084016,"Rural","Utilities"
"369","Shield Ranch Water System","16037 Hamilton Pool Road, Austin, NA 78738",-98.0077131,30.2959086,"Rural","Utilities"
"370","City of McLean","220 N. Main, McLean, TX 79057",-100.5994835,35.2330645,"Rural","Utilities"
"371","Bell Co WCID #5","PO Drawer 150, Cameron, TX 76520-0150",-96.9769304,30.8532454,"Rural","Utilities"
"372","Bell Milam Falls WSC","PO Box 150, Cameron, TX 76520-0150",-96.9769304,30.8532454,"Rural","Utilities"
"373","Gonzales County WSC","PO Box 749, Gonzales, TX 78629-0749",-97.4524926,29.5016257,"Rural","Utilities"
"374","Town of Buckholts","PO Box 117, Buckholts, TX 76518-0117",-97.1249919,30.8729661,"Rural","Utilities"
"375","Tri Community WSC","PO Box 11, Fentress, TX 78622-0011",-97.7772547,29.7554805,"Rural","Utilities"
"376","Lee County WSC","PO Box 8, Giddings, TX 78942-0008",-96.9354925,30.1827996,"Rural","Utilities"
"377","Creedmoor-Maha WSC","12100 Laws Rd, Buda, TX 78610-9607",-97.6790804,30.0643114,"Rural","Utilities"
"378","Lincoln WSC","PO Box 276, Lincoln, TX 78948-0276",-96.9633164,30.2874348,"Rural","Utilities"
"379","Manville WSC","PO Box 248, Coupland, TX 78615",-97.3937638,30.4593549,"Rural","Utilities"
"380","Polonia WSC","PO Box 778, Lockhart, TX 78644-0778",-97.6741601,29.8837265,"Rural","Utilities"
"381","Lavaca-Navidad River Authority","PO Box 429, Edna, TX 77957-0429",-96.6460877,28.9785947,"Rural","Utilities"
"382","Little Elm Valley WSC","PO Box 150, Cameron, TX 76520-0150",-96.9769304,30.8532454,"Rural","Utilities"
"383","Marsha WSC","15504 Brenda St, Austin, TX 78728-3901",-97.6710499,30.453265,"Rural","Utilities"
"384","Maxwell SUD","PO Box 158, Maxwell, TX 78656-0158",-97.7954717,29.8785623,"Rural","Utilities"
"385","Enchanted Harbor Utility","2301 Nancy Lou St, El Campo, TX 77437-2427",-96.2870398,29.2033027,"Rural","Utilities"
"386","Markham MUD","PO Box 311, Markham, TX 77456-0311",-96.0652382,28.9602581,"Rural","Utilities"
"387","Marlow WSC","PO Box 150, Cameron, TX 76520-0150",-96.9769304,30.8532454,"Rural","Utilities"
"388","Martindale WSC","PO Box 175, Martindale, TX 78655-0175",-97.8428134,29.8445851,"Rural","Utilities"
"389","Matagorda County WCID #6","PO Box 316, Van Vleck, TX 77482",-95.8896697,29.0187284,"Rural","Utilities"
"390","Matagorda WD & WSC","PO Box 196, Matagorda, TX 77457-0196",-95.9682714,28.691133,"Rural","Utilities"
"391","River Oaks WSC","PO Box 426, Bay City, TX 77404-0426",-95.969402,28.9827565,"Rural","Utilities"
"392","Salem Elm Ridge WSC","PO Box 150, Cameron, TX 76520-0150",-96.9769304,30.8532454,"Rural","Utilities"
"393","Matagorda County WCID #5","PO Box 125, Blessing, TX 77419-0125",-96.2180209,28.8713733,"Rural","Utilities"
"394","Selkirk WSC","PO Box 269, Wadsworth, TX 77483",-95.934442,28.8305096,"Rural","Utilities"
"395","Jackson County WCID #1","PO Box 407, Lolita, TX 77971",-96.5424743,28.8394332,"Rural","Utilities"
"396","City of Jourdanton","1604 Hwy 97 East, Ste A, Jourdanton, TX 78026",-98.5354972,28.9240427,"Rural","Utilities"
"397","City of La Vernia","102 E Chihuahua St, La Vernia, TX 78121-0225",-98.1148708,29.3555136,"Rural","Utilities"
"398","Nueces County WCID #4","1812 State Highway 361 Suite F, Port Aransas, TX 78373-5207",-97.0738366,27.8193625,"Rural","Utilities"
"399","Nueces WSC","2302 E Sage Rd, Kingsville, TX 78363",-97.8471197,27.5387322,"Rural","Utilities"
"400","Oak Hills WSC","6646 U S 181, Floresville, TX 78114",-98.2413158,29.2268973,"Rural","Utilities"
"401","EL JARDIN WATER SUPPLY CORPORATION","1725 N INDIANA AVE, BROWNSVILLE, TX 78520",-97.4077833,25.9360295,"Rural","Utilities"
"402","El Oso WSC","PO Box 309, Karnes City, TX 78118-0309",-97.9008355,28.8849772,"Rural","Utilities"
"403","Military Highway WSC","PO Box 250, Progreso, TX 78579-0250",-97.9572242,26.0922991,"Rural","Utilities"
"404","Saint Paul WSC","10441 County Rd 2323, Sinton, TX 78387-2468",-97.5609439,28.0980281,"Rural","Utilities"
"405","San Patricio Municipal Water District","PO Box 940, Ingleside, TX 78362",-97.211657,27.8778026,"Rural","Utilities"
"406","Carrizo Hill WSC","PO Box 85, Carrizo Springs, TX 78834-6085",-99.8592524,28.5240348,"Rural","Utilities"
"407","Skidmore WSC","423 E St Mary's Street / PO Box 290, Skidmore, TX 78389",-97.6825154,28.2590388,"Rural","Utilities"
"408","City of Rio Hondo","P.O. Box 389, Rio Hondo, TX 78583",-97.5819319,26.2353516,"Rural","Utilities"
"409","Agua SUD","PO Box 4379, Mission, TX 78573",-98.3252932,26.2159066,"Rural","Utilities"
"410","Sharyland WSC","PO Box 1868, Mission, TX 78573-0031",-98.3252932,26.2159066,"Rural","Utilities"
"411","South Texas Water Authority","2302 E Sage Rd, Kingsville, TX 78363",-97.8471197,27.5387322,"Rural","Utilities"
"412","SS WSC","PO Box 1000, La Vernia, TX 78121-1000",-98.1284488,29.3495285,"Rural","Utilities"
"413","Baffin Bay WSC","708 S FM 1546, Riviera, TX 78379",-97.8148885,27.2986493,"Rural","Utilities"
"414","City of George West","406 Nueces, George West, TX 78022",-98.1152324,28.3308946,"Rural","Utilities"
"415","City of Goliad","P O Drawer 939, Goliad, TX 77963",-97.3883265,28.6683252,"Rural","Utilities"
"416","Sunko WSC","5186 State Hwy  123 S, Stockdale, TX 78160-6582",-97.9477301,29.1627698,"Rural","Utilities"
"417","Three Oaks WSC","6907 FM 541 West, Floresville, TX 78114-4192",-98.0629621,29.0842163,"Rural","Utilities"
"418","Violet WSC","33861 CR 61, Robstown, TX 78380-1146",-97.594942,27.711958,"Rural","Utilities"
"419","Formosa Plastics Corporation","201 Formosa Drive, Point Comfort, TX 77978",-96.5449333,28.6975144,"Rural","Utilities"
"420","Tri County Point POA","14 CR 480, Palacios, TX 77465",-96.3892911,28.6958015,"Rural","Utilities"
"421","Valley MUD 2","100 Adkins St / PO Box 939, Rancho Viejo, TX 78575-9500",-97.5563763,26.0395222,"Rural","Utilities"
"422","Encinal WSC","402 N Grande Ave, Encinal, TX 78019-0235",-99.3520259,28.0420411,"Rural","Utilities"
"423","City of Primera","22893 stuart place road, primera, TX 78552",-97.7575863,26.2282674,"Rural","Utilities"
"424","Calhoun Port Authority","P.O. Box 397, Point Comfort, NA 77978",-96.5559556,28.6767176,"Rural","Utilities"
"425","City of Seadrift","PO Box 159, Seadrift, TX 77983-0159",-96.7135017,28.4152726,"Rural","Utilities"
"426","Olmito Water Supply Corporation","101 Clara Bennett Drive, Olmito, TX 78575",-97.5306686,26.0261475,"Rural","Utilities"
"427","Zapata Co WCID","PO Box 427, Zapata, TX 78076-0427",-99.2683625,26.9037482,"Rural","Utilities"
"428","Zavala Co WCID #1","PO Box 358, La Pryor, TX 78872-0358",-99.8497801,28.9410814,"Rural","Utilities"
"429","City of Gregory","PO Box 297, Gregory, TX 78359",-97.2921579,27.9235406,"Rural","Utilities"
"430","Nueces County WCID #3","PO Box 1147, Robstown, TX 78380-1147",-97.6688843,27.7903032,"Rural","Utilities"
"431","Old Marbach School WSC","PO Box 268, George West, TX 78022-0268",-98.116396,28.3331379,"Rural","Utilities"
"432","Port Mansfield PUD","400 W Hidalgo Ave, Ste 200, Raymondville, TX 78580-3529",-97.7857346,26.4826538,"Rural","Utilities"
"433","Quail Creek MUD","515 Chukar Dr, Victoria, TX 77905-0590",-97.0857696,28.7754268,"Rural","Utilities"
"434","Batesville WSC","PO Box 187, Batesville, TX 78829-0187",-99.617315,28.9616796,"Rural","Utilities"
"435","Pettus MUD","Box 153, Pettus, TX 78146",-97.8022219,28.6180446,"Rural","Utilities"
"436","Picosa WSC","3274 FM 2579, Floresville, TX 78114-4962",-98.302957,29.148546,"Rural","Utilities"
"437","Ricardo WSC","2302 E Sage Rd, Kingsville, TX 78363",-97.8471197,27.5387322,"Rural","Utilities"
"438","Tynan WSC","PO Box 115, Tynan, TX 78391",-97.7574975,28.1694525,"Rural","Utilities"
"439","Duval County Conservation & Reclamation Dist.","222 E Main St, Benavides, TX 78341",-98.4121472,27.5979135,"Rural","Utilities"
"440","East Rio Hondo WSC","PO Box 621 / 206 Industrial Pwky Blvd, Rio Hondo, TX 78583-0621",-97.5819319,26.2353516,"Rural","Utilities"
"441","McCoy WSC","2125 FM 541, Mccoy, TX 78113-3380",-98.347496,28.86141,"Rural","Utilities"
"442","Rincon WSC","PO Box 7, Taft, TX 78390",-97.3964629,27.9785903,"Rural","Utilities"
"443","River Acres WSC","15602 Northwest Blvd, Ste H, Robstown, TX 78380-5932",-97.672097,27.8599079,"Rural","Utilities"
"444","North Alamo WSC","420 S Doolittle Rd, Edinburg, TX 78542-9707",-98.1285222,26.2916854,"Rural","Utilities"
"445","Blackland WSC","PO Box 215, Fate, TX 75132-0215",-96.3904476,32.9431648,"Rural","Utilities"
"446","Bois D' Arc MUD","14101 E FM 1396, HONEY GROVE, TX 75446",-95.9099681,33.5834377,"Rural","Utilities"
"447","Jacobia WSC","PO Box 411, Greenville, TX 75403-0411",-96.1108066,33.1384488,"Rural","Utilities"
"448","Kentuckytown WSC","PO Box 99, Tom Bean, TX 75489-0099",-96.4843637,33.5203463,"Rural","Utilities"
"449","North Hunt SUD","PO Box 1170, Commerce, TX 75429-1170",-95.8999656,33.2470567,"Rural","Utilities"
"450","Oak Ridge - South Gale WSC","PO Box 1263, Denison, TX 75021-1263",-96.536658,33.7556593,"Rural","Utilities"
"451","West Leonard WSC","PO Box 179, Leonard, TX 75452-0179",-96.2479485,33.3803459,"Rural","Utilities"
"452","White Shed WSC","PO Box 80, Ivanhoe, TX 75447-0080",-96.1431799,33.7134955,"Rural","Utilities"
"453","City of Whitewright","PO Box 966, Whitewright, TX 75491",-96.3924833,33.5128856,"Rural","Utilities"
"454","Northwest Grayson County WCID #1","PO Box 715, Gordonville, TX 76245",-96.853673,33.7957694,"Rural","Utilities"
"455","Milligan WSC","1400 S Bridgefarmer Rd, Mckinney, TX 75069",-96.5472744,33.1706012,"Rural","Utilities"
"456","Campbell WSC","PO Box 94, Campbell, TX 75422-0094",-95.958003,33.1483986,"Rural","Utilities"
"457","Arledge Ridge WSC","PO Box 233, Bailey, TX 75413-0233",-96.1657186,33.4329612,"Rural","Utilities"
"458","Caddo Basin SUD","156 County Road 1118, Greenville, TX 75401-7514",-96.2458501,33.1496831,"Rural","Utilities"
"459","South Grayson SUD","209 B H Cooke Lane, Van Alstyne, TX 75495",-96.5443936,33.4099445,"Rural","Utilities"
"460","Southwest Fannin SUD","8046 W State Hwy 56, Savoy, TX 75479-3448",-96.3195542,33.5866521,"Rural","Utilities"
"461","Starr WSC","PO Box 1043, Denison, TX 75021-1043",-96.536658,33.7556593,"Rural","Utilities"
"462","City of Campbell - WW","PO Box 27, Campbell, TX 75422-0027",-95.9513564,33.1481702,"Rural","Utilities"
"463","Verona Special Utility District","408 West FM 545 Suite 400, Blue Ridge, TX 75424",-96.4059238,33.299162,"Rural","Utilities"
"464","Thompson Heights Water","PO Box 378, Denison, TX 75021",-96.536658,33.7556593,"Rural","Utilities"
"465","Bartley Woods WSC","PO Box 705, Bonham, TX 75418-0705",-96.1783111,33.5773275,"Rural","Utilities"
"466","Cash SUD","PO Box 8129, Greenville, TX 75404-8129",-96.1108066,33.1384488,"Rural","Utilities"
"467","Frognot WSC","PO Box 400, Blue Ridge, TX 75424",-96.4003648,33.2969066,"Rural","Utilities"
"468","Texins Lake Texoma Club","PO Box 1543, Pottsboro, TX 75076-1543",-96.6694402,33.759271,"Rural","Utilities"
"469","Culleoka WSC","PO Box 909, Princeton, TX 75407-0909",-96.4931767,33.1733033,"Rural","Utilities"
"470","Two Way SUD","PO Box 919 / 1201 Sherman Dr, Whitesboro, TX 76273",-96.8897888,33.6497791,"Rural","Utilities"
"471","BHP WSC","PO Box 370, Royse City, TX 75189-0370",-96.3324817,32.9751204,"Rural","Utilities"
"472","City of Dorchester","373 Main St, Dorchester, TX 75459-0839",-96.6894367,33.5303861,"Rural","Utilities"
"473","Hickory Creek SUD","PO Box 540, Celeste, TX 75423-0540",-96.1946983,33.2942791,"Rural","Utilities"
"474","North Collin SUD","PO Box 343, Melissa, TX 75454-0343",-96.5727669,33.2859472,"Rural","Utilities"
"475","East Fork SUD","1355 Troy Rd, Wylie, TX 75098-6615",-96.5110798,33.0027107,"Rural","Utilities"
"476","Weston WSC","PO Box 158, Weston, TX 75097-0158",-96.6687575,33.3480311,"Rural","Utilities"
"477","McCraw's Chapel WSC","11395 E FM 1550, Honey Grove, TX 75446",-95.9577541,33.4874609,"Rural","Utilities"
"478","Combine WSC","PO Box 40, Crandall, TX 75114",-96.4553314,32.6275015,"Rural","Utilities"
"479","Combined Consumers SUD","PO Box 2829 / 10446 FM 751, Quinlan, TX 75474-0048",-96.0732512,32.8707902,"Rural","Utilities"
"480","Copeville SUD","PO Box 135, Copeville, TX 75121-0135",-96.423267,33.080147,"Rural","Utilities"
"481","Bear Creek SUD","PO Box 188, Lavon, TX 75166-0188",-96.4341524,33.0276193,"Rural","Utilities"
"482","Westminster SUD","PO Box 819, westminster, TX 75485",-96.4628629,33.3628088,"Rural","Utilities"
"483","Wylie Northeast SUD","PO Box 1029, Wylie, TX 75098-1029",-96.5391153,33.0062727,"Rural","Utilities"
"484","Luella SUD","36 LWSC Rd, Sherman, TX 75090-5224",-96.5491712,33.5692765,"Rural","Utilities"
"485","Marilee SUD","PO Box 1017, Celina, TX 75009-1017",-96.7857346,33.3246957,"Rural","Utilities"
"486","Pink Hill WSC","PO Box 224, Bells, TX 75414",-96.4108188,33.6103837,"Rural","Utilities"
"487","Matthew Road WSC","1502 Ranch Road, Grand Prairie, TX 85052",-97.0242017,32.6426058,"Rural","Utilities"
"488","Patterson WSC","1508 Hwy 377 North, Collinsville, TX 76233",-96.9122531,33.5716263,"Rural","Utilities"
"489","Desert WSC","5588 Hwy 160, Whitewright, TX 75491",-96.402278,33.42353,"Rural","Utilities"
"490","Randolph WSC","PO Box 24, Randolph, TX 75475-0024",-96.2566689,33.4849647,"Rural","Utilities"
"491","Nevada SUD","108 N Warren St, Nevada, TX 75173",-96.3735749,33.0428727,"Rural","Utilities"
"492","City of Savoy","PO Box 176, Savoy, TX 75479",-96.3666506,33.5992726,"Rural","Utilities"
"493","Seis Lagos Utility District","2730 COUNTRY CLUB RD STE E1, Lucas, TX 75002",-96.6092213,33.1227252,"Rural","Utilities"
"494","Shady Grove SUD","3516 FM 499, Greenville, TX 75401-6037",-96.046951,33.1351578,"Rural","Utilities"
"495","Birome WSC","RR 1 Box 73, Mount Calm, TX 76673-9605",-96.8791613,31.7562739,"Rural","Utilities"
"496","Bistone Municipal WSD","PO Box 145, Mexia, TX 76667-0145",-96.482203,31.6798895,"Rural","Utilities"
"497","Brandon-Irene WSC","PO Box 87, Brandon, TX 76628-0087",-96.964192,32.0455747,"Rural","Utilities"
"498","City of Kirvin","PO Box 344, Kirvin, TX 75848-0344",-96.3302542,31.7665548,"Rural","Utilities"
"499","City of Malone Water System","214 N Pecan Street, Malone, TX 76660",-96.8947343,31.9177099,"Rural","Utilities"
"500","City of Mount Calm","PO Box 85, Mount Calm, TX 76673-0085",-96.8791613,31.7562739,"Rural","Utilities"
"501","Iron Hill WSC","PO Box 405, Rusk, TX 75785-0405",-95.1502214,31.7960064,"Rural","Utilities"
"502","Walston Springs WSC","1370 FM 2419, Palestine, TX 75801",-95.5839463,31.7088301,"Rural","Utilities"
"503","Ward Prairie WSC","PO Box 178, Fairfield, TX 75840-0003",-96.1652481,31.7246128,"Rural","Utilities"
"504","West Jacksonville WSC","PO Box 1245, Jacksonville, TX 75766-1245",-95.2705042,31.963778,"Rural","Utilities"
"505","Menlow WSC","2476 FM 1304, Abbott, TX 76621-3229",-97.1714394,31.8641216,"Rural","Utilities"
"506","Rusk Rural WSC","PO Box 606, Rusk, TX 75785-0606",-95.1510315,31.7947681,"Rural","Utilities"
"507","Shiloh WSC","PO Box 165, Mexia, TX 76667-0165",-96.482203,31.6798895,"Rural","Utilities"
"508","SLC WSC","245 Lcr 775, Groesbeck, TX 76642-2174",-96.3822464,31.4273692,"Rural","Utilities"
"509","Slocum WSC","5720 E State Hwy 294, Elkhart, TX 75839",-95.4622797,31.6307021,"Rural","Utilities"
"510","Afton Grove WSC","PO Box 245, New Summerfield, TX 75780-0245",-95.0938322,31.9807226,"Rural","Utilities"
"511","Anderson Co Cedar Creek WS","3350 W SH 294, Elkhart, TX 75839",-95.6455527,31.6382677,"Rural","Utilities"
"512","Aquilla WSD","PO Box 959, Hillsboro, TX 76645-0959",-97.1300061,32.0109886,"Rural","Utilities"
"513","Brushy Creek WSC","PO Box 168, Montalba, TX 75853-0168",-95.7335745,31.8756797,"Rural","Utilities"
"514","Files Valley WSC","PO Box 127, Itasca, TX 76055-0127",-97.1496087,32.1600302,"Rural","Utilities"
"515","Forest WSC","PO Box 311, Wells, TX 75976-9002",-94.9399346,31.488513,"Rural","Utilities"
"516","Four Pines WSC","905 Bassett Rd, Palestine, TX 75803-6723",-95.6788697,31.746593,"Rural","Utilities"
"517","South Freestone County WSC","PO Box 208, Teague, TX 75860-0208",-96.283862,31.6271145,"Rural","Utilities"
"518","Prairie Hill WSC","PO Box 100, Prairie Hill, TX 76678",-96.7892735,31.6553266,"Rural","Utilities"
"519","BCY WSC","PO Box 7, Tennessee Colony, TX 75861-0007",-95.840891,31.834634,"Rural","Utilities"
"520","Cedar Crest Colony WSC","PO Box 1707, Whitney, TX 76692-1707",-97.3214012,31.951823,"Rural","Utilities"
"521","Chatt WSC","140 HCR 2305, Abbott, TX 76621-3573",-97.0739585,31.8827464,"Rural","Utilities"
"522","Stryker Lake WSC","PO Box 156, New Summerfield, TX 75780-0156",-95.0938322,31.9807226,"Rural","Utilities"
"523","Thompson Water Company, Inc.","PO Box 366, Fairfield, TX 75840-0007",-96.1652481,31.7246128,"Rural","Utilities"
"524","City of Wells","PO Box 20, Wells, TX 75976-9000",-94.9399346,31.488513,"Rural","Utilities"
"525","Hill County WSC","PO Box 575, Whitney, TX 76692-0575",-97.315709,31.9519106,"Rural","Utilities"
"526","North Cherokee WSC","PO Box 1021, Jacksonville, TX 75766-1021",-95.2705042,31.963778,"Rural","Utilities"
"527","Tucker WSC","PO Box 593, Elkhart, TX 75839-0593",-95.5793977,31.6251747,"Rural","Utilities"
"528","Dialville Oakland WSC","PO Box 1029, Rusk, TX 75785-7029",-95.1502214,31.7960064,"Rural","Utilities"
"529","Dogwood Springs WSC","PO Box 608, Frankston, TX 75763-0608",-95.5063456,32.0526614,"Rural","Utilities"
"530","White Rock Water SUD","841 LCR 463, Mexia, TX 76667-2656",-96.5214559,31.631384,"Rural","Utilities"
"531","Clay Hill WSC","103 Private Road 936, Teague, TX 75860-5093",-96.2293822,31.7033728,"Rural","Utilities"
"532","Penelope WSC","PO Box 102, Penelope, TX 76676-0102",-96.9267062,31.8594462,"Rural","Utilities"
"533","Woodrow Osceola WSC","1147 FM 934, Blum, TX 76627-3138",-97.3150785,32.1064375,"Rural","Utilities"
"534","Alto Rural WSC","PO Box 616, Alto, TX 75925-0616",-95.0727175,31.6504546,"Rural","Utilities"
"535","Gum Creek WSC","PO Box 1230, Jacksonville, TX 75766-1230",-95.2771482,31.9613878,"Rural","Utilities"
"536","Hilco H20","PO Box 127, Itasca, TX 76055-0127",-97.1496087,32.1600302,"Rural","Utilities"
"537","Norwood WSC","207 Hill St, Farmersville, TX 75442-2325",-96.3579456,33.1617108,"Rural","Utilities"
"538","Hilltop WSC","PO Box 543, West, TX 76691-0543",-97.09402,31.8037522,"Rural","Utilities"
"539","Craft-Turney WSC","505 SE Loop 456, Jacksonville, TX 75766-9479",-95.259933,31.9316902,"Rural","Utilities"
"540","Point Enterprise WSC","PO Box 126, Mexia, TX 76667-0126",-96.482203,31.6798895,"Rural","Utilities"
"541","Post Oak SUD","PO Box 545, Hubbard, TX 76648",-96.797215,31.8484935,"Rural","Utilities"
"542","Aquilla WSC","PO Box 159, Aquilla, TX 76622-0159",-97.2191361,31.8508845,"Rural","Utilities"
"543","Butler WSC","1350 Hwy 84 East, Oakwood, TX 75855",-95.9452666,31.6679907,"Rural","Utilities"
"544","Lone Pine WSC","PO Box 1616, Palestine, TX 75802-1616",-95.6307891,31.7621153,"Rural","Utilities"
"545","Pleasant Grove WSC","PO Box 695, Fairfield, TX 75840-0012",-96.1652481,31.7246128,"Rural","Utilities"
"546","Pleasant Springs WSC","Rt 5 Box 5980, Palestine, TX 75801",-96.5608769,33.31192,"Rural","Utilities"
"547","Reklaw WSC","P.O. Box 250, Reklaw, TX 75784",-94.9877175,31.8626716,"Rural","Utilities"
"548","Maydelle WSC","P.O. Box 141, Maydelle, TX 75772",-95.3024094,31.8001854,"Rural","Utilities"
"549","Neches WSC","PO Box 217, Neches, TX 75779-0217",-95.4957135,31.8675217,"Rural","Utilities"
"550","City of Tehuacana","PO Box 67, Tehuacana, TX 76686",-96.5469283,31.7412763,"Rural","Utilities"
"551","City of Granger","PO Box 367, Granger, TX 76530-0367",-97.44278,30.7176929,"Rural","Utilities"
"552","City of Marion","PO Box 158, Marion, TX 78124-0158",-98.1327192,29.5722277,"Rural","Utilities"
"553","Jonah Water SUD","P.O. Box 455, Hutto, TX 78634-0455",-97.5466702,30.5426995,"Rural","Utilities"
"554","Kendall West Utility LLC","PO Box 1335, Boerne, TX 78006-1335",-98.7553622,29.7945883,"Rural","Utilities"
"555","Goldenwood West WSC","26550 Rr 12, Ste 1, Dripping Springs, TX 78620",-98.0844561,30.1779363,"Rural","Utilities"
"556","Green Valley SUD","PO Box 99, Marion, TX 78124-0099",-98.1402865,29.5713402,"Rural","Utilities"
"557","Windermere Oaks WSC","424 Coventry Rd, Spicewood, TX 78669-3119",-98.1223143,30.4837093,"Rural","Utilities"
"558","Cedar Oak Mesa WSC","PO Box 2635, Wimberley, TX 78676",-98.0986204,29.9974362,"Rural","Utilities"
"559","Silver Creek Village WSC","205 Loma Vista Dr, Burnet, TX 78611-3420",-98.409663,30.8613327,"Rural","Utilities"
"560","Skyline Ranch Estates WSC","PO Box 2287, Wimberley, TX 78676-7187",-98.0986204,29.9974362,"Rural","Utilities"
"561","3G Water Supply","504 Willow St, Buchanan Dam, TX 78609",-98.467035,30.7977268,"Rural","Utilities"
"562","Arroyo Bravo WSC","PO Box 590517, Houston, TX 77259",-95.5274102,29.8596346,"Rural","Utilities"
"563","Frio Canon Water Company","4019 Spicewood Springs Rd, Austin, TX 78759",-97.7539996,30.3683131,"Rural","Utilities"
"564","Bell Co WCID 1","60 Richland Drive, Belton, TX 76513",-97.4613798,31.1330128,"Rural","Utilities"
"565","Springs Hill WSC","PO Box 29, Seguin, TX 78156-0029",-97.9647269,29.5688411,"Rural","Utilities"
"566","City of Florence","PO Box 430, Florence, TX 76527",-97.7936268,30.8412954,"Rural","Utilities"
"567","Spring Branch Indian Hills Estates WSC","PO Box 486, Spring Branch, TX 78070-0486",-98.4121497,29.9096461,"Rural","Utilities"
"568","TBM Resident WSC","1 Sunset Bend, New Braunfels, TX 78132",-98.1906603,29.7211733,"Rural","Utilities"
"569","Atascosa Rural WSC","PO Box 9, Atascosa, TX 78002-0009",-98.7348026,29.2648341,"Rural","Utilities"
"570","Canyon Regional Water Authority","850 Lakeside Pass, New Braunfels, TX 78130-8282",-98.0663393,29.6538976,"Rural","Utilities"
"571","Goforth SUD","8900 Niederwald Strasse, Niederwald, TX 78640-4034",-97.7301917,30.0100448,"Rural","Utilities"
"572","The Oaks WSC","26058 Hazy Holw, San Antonio, TX 78255-3535",-98.6480918,29.6875923,"Rural","Utilities"
"573","Stonewall WCID","PO Box 419, Stonewall, TX 78671-0419",-98.6644769,30.2360359,"Rural","Utilities"
"574","Westhaven WSC","1112 Westhaven Dr, Canyon Lake, TX 78133",-98.2770068,29.8659018,"Rural","Utilities"
"575","Camp Balcones Springs","104 Balcones Springs Dr, Marble Falls, TX 78654",-98.1172694,30.5570976,"Rural","Utilities"
"576","Cimarron Park Water Company","406 Edgewood Dr, Buda, TX 78610-2468",-97.8619356,30.1174936,"Rural","Utilities"
"577","City of Cottonwood Shores","3808 Cottonwood Dr, Cottonwood Shores, TX 78657",-98.320693,30.5496716,"Rural","Utilities"
"578","Eagles Peak Ranch WSC","6487 FM 32, FISCHER, TX 78623",-98.190763,29.930733,"Rural","Utilities"
"579","Lone Star Water Company","PO Box 827, Litchfield Park. AZ 85340, Justin, TX 76247",-112.3579364,33.4933743,"Rural","Utilities"
"580","Kings Point WSC","650 Kings Point Dr, Canyon Lake, TX 78133",-98.2547173,29.9011617,"Rural","Utilities"
"581","Kingsland WSC","PO Box 73, Kingsland, TX 78639-0073",-98.4454521,30.6600643,"Rural","Utilities"
"582","Oak Forest WSC","PO Box 1493, Buda, TX 78610",-97.8428927,30.0817231,"Rural","Utilities"
"583","County Line SUD","8870 Camino Real, Uhland, TX 78640",-97.7992609,29.9430876,"Rural","Utilities"
"584","Crystal Clear SUD","2370 FM 1979, San Marcos, TX 78666-2100",-97.926559,29.7716714,"Rural","Utilities"
"585","Cypress Cove WS","180 Tanglewood Trail Ct, Spring Branch, TX 78070",-98.3469,29.942336,"Rural","Utilities"
"586","Lost Springs Ranch WSC","PO Box 1404, Wimberley, TX 78676-1404",-98.0986204,29.9974362,"Rural","Utilities"
"587","Llano County MUD #1","2900 Blue Lake Dr, Horseshoe Bay, TX 78657-5929",-98.41355,30.5634128,"Rural","Utilities"
"588","Professional General Management Services Inc.","26550 Ranch Rd 12 Ste 1, Dripping Springs, NA 78620",-98.0844561,30.1779363,"Rural","Utilities"
"589","Blessing Utility System","1102 Martin Ave, Round Rock, TX 78681-7324",-97.6923534,30.4862152,"Rural","Utilities"
"590","Dripping Springs WSC","101 Hays St, Ste 416, Dripping Springs, TX 78620-0354",-98.0878446,30.1903723,"Rural","Utilities"
"591","Durham Park WSC","900 Glasscock Rd, Liberty Hill, TX 78642-5739",-98.0042735,30.6658239,"Rural","Utilities"
"592","East Central SUD","PO Box 570, Adkins, TX 78101-0570",-98.288192,29.3706234,"Rural","Utilities"
"593","Noack WSC","PO Box 323, Thrall, TX 76578-0323",-97.2969402,30.5904772,"Rural","Utilities"
"594","Ruby Ranch WSC","PO Box 1585, Buda, TX 78610-1585",-97.8428927,30.0817231,"Rural","Utilities"
"595","Hazy Hills WSC","PO Box 592, Spicewood, TX 78669-0592",-98.1588694,30.462847,"Rural","Utilities"
"596","Canyon Lake WSC","Box 1742, Canyon Lake, NA 78130",-98.2625127,29.8752177,"Rural","Utilities"
"597","Bolivar Peninsula SUD","PO Box 1398, Crystal Beach, TX 77650-1398",-94.6396378,29.457177,"Rural","Utilities"
"598","City of Jewett","PO Box 189, Jewett, TX 75846-0189",-96.1441315,31.3615664,"Rural","Utilities"
"599","Jefferson Co WCID 10","3707 Central Blvd, Nederland, TX 77627-3225",-94.0219164,29.9937412,"Rural","Utilities"
"600","Keenan WSC","21053 Chapel Dr, Montgomery, TX 77316-9220",-95.6941445,30.3169679,"Rural","Utilities"
"601","Old Tamina WSC","PO Box 7402, The Woodlands, TX 77387-7402",-95.4612625,30.1658207,"Rural","Utilities"
"602","Flo Community WSC","13934 FM 1511, Buffalo, TX 75831",-95.8663363,31.3865463,"Rural","Utilities"
"603","G&W WSC","PO Box 1219, Waller, TX 77484",-95.9268986,30.0566085,"Rural","Utilities"
"604","Galveston Co WCID 19","PO Box 105, Hitchcock, TX 77563-0105",-95.0160368,29.3482905,"Rural","Utilities"
"605","Wickson Creek SUD","PO Box 4756, Bryan, TX 77805-4756",-96.3699632,30.6743643,"Rural","Utilities"
"606","Robertson County WSC","P.O. Box 875, Franklin, TX 77856",-96.4852444,31.0260194,"Rural","Utilities"
"607","Chappell Hill WSC","26550 Ranch Road 12, Dripping Springs, TX 78620",-98.0844385,30.1779416,"Rural","Utilities"
"608","Brookshire MWD","4004 6th Street, Brookshire, TX 77423-1850",-95.9528198,29.784429,"Rural","Utilities"
"609","Burleson Co MUD #1","200 Shadow Oak Ln, Somerville, TX 77879-3689",-96.6378399,30.3155867,"Rural","Utilities"
"610","Southeast WSC","PO Box 640, Centerville, TX 75833",-95.978292,31.2579584,"Rural","Utilities"
"611","Chateau Woods MUD","10224 Fairview Dr, Conroe, TX 77385-9782",-95.4205913,30.167295,"Rural","Utilities"
"612","City of Centerville","PO Box 279, Centerville, TX 75833-0279",-95.978292,31.2579584,"Rural","Utilities"
"613","City of Industry","PO Box 190, Industry, TX 78944-0190",-96.5021927,29.9724459,"Rural","Utilities"
"614","Austin County WSC","PO Box 550, Bellville, TX 77418-0550",-96.2571858,29.9502253,"Rural","Utilities"
"615","Concord Robbins WSC","PO Box 35, Marquez, TX 77865",-96.2535765,31.2393469,"Rural","Utilities"
"616","Twin Creek WSC","PO Box 88, New Baden, TX 77870-0088",-96.4297427,31.0513478,"Rural","Utilities"
"617","Walnut Cove WSC","114 S Danville, Willis, TX 77378",-95.4798906,30.423141,"Rural","Utilities"
"618","St Paul-Shiloh Timesville WSC","PO Box 320, Oakwood, TX 75855",-95.8491262,31.584896,"Rural","Utilities"
"619","City of Cut and Shoot","PO Box 7364, Cut And Shoot, TX 77306-0364",-95.357994,30.3332654,"Rural","Utilities"
"620","North Hamilton Hill WSC","PO Box 233, Franklin, TX 77856-0233",-96.4852444,31.0260194,"Rural","Utilities"
"621","Deanville WSC","PO Box 153, Deanville, TX 77852-0153",-96.7560884,30.4321524,"Rural","Utilities"
"622","Dobbin-Plantersville WSC","PO Box 127, Plantersville, TX 77363-0127",-95.8648123,30.3371068,"Rural","Utilities"
"623","Wellborn SUD","PO Box 250, Wellborn, TX 77881-0250",-96.3020076,30.5332219,"Rural","Utilities"
"624","West End WSC","PO Box 39, Industry, TX 78944-0039",-96.502026,29.9736647,"Rural","Utilities"
"625","Westwood North WSC","6310 Weisinger Dr, Magnolia, TX 77354-5087",-95.5642917,30.2243792,"Rural","Utilities"
"626","High Prairie WSC","PO Box 537, Madisonville, TX 77864-0537",-95.9116188,30.9499111,"Rural","Utilities"
"627","Hilltop Lakes WSC","PO Box 1460, Hilltop Lakes, TX 77871-1460",-96.2038502,31.0793515,"Rural","Utilities"
"628","Lake Bonanza WSC","P.O. Box 507, Montgomery, TX 77356",-95.6963355,30.3882613,"Rural","Utilities"
"629","North Zulch MUD","PO Box 118, North Zulch, TX 77872-0118",-96.1082907,30.9176895,"Rural","Utilities"
"630","Northwood WSC","25652 Walnut Ln, Cleveland, TX 77328-7454",-95.1645607,30.2802463,"Rural","Utilities"
"631","Central Washington County WSC","2800 Spanish Oaks, Brenham, TX 77833",-96.4439962,30.1632242,"Rural","Utilities"
"632","Lyons WSC","PO Box 407, Lyons, TX 77863-0407",-96.5633033,30.3863198,"Rural","Utilities"
"633","Pattison WSC","PO Box 63, Pattison, TX 77466-0063",-95.9949564,29.8252297,"Rural","Utilities"
"634","Caney Creek Utilities","16501 Hunters Trl, Montgomery, TX 77356-7331",-95.6115901,30.4455164,"Rural","Utilities"
"635","Harris County MUD #50","12900 Crosby Lynchburg Rd, Barrett Station, TX 77532",-95.0614116,29.877277,"Rural","Utilities"
"636","MSEC Enterprises Inc.","PO Box 970, Navasota, TX 77868-0970",-96.0877349,30.3879845,"Rural","Utilities"
"637","New Ulm WSC","PO Box 73, New Ulm, TX 78950-0073",-96.4902479,29.8921715,"Rural","Utilities"
"638","City of Omaha","PO Box 937, Omaha, TX 75571-0937",-94.7440964,33.180677,"Rural","Utilities"
"639","Jones WSC","1650 N State Hwy 37, Quitman, TX 75783",-95.4225988,32.8341985,"Rural","Utilities"
"640","Kellyville-Berea WSC","PO Box 459, Jefferson, TX 75657-0459",-94.3451926,32.7573626,"Rural","Utilities"
"641","North Harrison WSC","PO Box 130, Woodlawn, TX 75694-0130",-94.3457493,32.6681997,"Rural","Utilities"
"642","North Hopkins WSC","PO Box 407, Sulphur Springs, TX 75483-0407",-95.6010668,33.1384479,"Rural","Utilities"
"643","West Harrison WSC","PO Box 1027, Hallsville, TX 75650-1027",-94.5740934,32.504316,"Rural","Utilities"
"644","Eastern Cass WSC","PO Box 26, Bivins, TX 75555-0026",-94.198781,33.0199564,"Rural","Utilities"
"645","EMC WSC","PO Box 479, Jefferson, TX 75657-0479",-94.3464124,32.7562959,"Rural","Utilities"
"646","Miller Grove WSC","14966 FM 1567 W, Cumby, TX 75433",-95.8064916,33.0203798,"Rural","Utilities"
"647","Mims WSC","12688 FM 729, Avinger, TX 75630-2410",-94.6101962,32.8197552,"Rural","Utilities"
"648","MJC WSC","PO Box 95, Pattonville, TX 75468-0095",-95.3923747,33.579608,"Rural","Utilities"
"649","Central Bowie County WSC","PO Box 306, New Boston, TX 75570-0306",-94.417402,33.4606022,"Rural","Utilities"
"650","Shirley WSC","6684 FM 1567 W, Sulphur Springs, TX 75482-8632",-95.6670792,33.020405,"Rural","Utilities"
"651","Big Woods Spring Water Company","PO Box 557, Cumby, TX 75433",-95.8394083,33.1373366,"Rural","Utilities"
"652","Bright Star-Salem SUD","238 N Osborn, Alba, TX 75410",-95.6296537,32.7947524,"Rural","Utilities"
"653","Brinker WSC","4534 IH 30 East, Sulphur Springs, TX 75482",-92.2696877,34.7170594,"Rural","Utilities"
"654","Burns Red Bank WSC","PO Box 907, Hooks, TX 75561-0907",-94.2885306,33.4662328,"Rural","Utilities"
"655","Fouke WSC","156 FM 1254, Mineola, TX 75773-3530",-95.3988839,32.7434163,"Rural","Utilities"
"656","South Rains SUD","PO Box 95, Emory, TX 75440-0095",-95.7655183,32.874566,"Rural","Utilities"
"657","Pickton WSC","P O Box 127, Pickton, TX 75471",-95.3917873,33.0302707,"Rural","Utilities"
"658","City of Cumby","PO Box 349, Cumby, TX 75433",-95.8394083,33.1373366,"Rural","Utilities"
"659","Caddo Lake WSC","PO Box 136, Karnack, TX 75661-0136",-94.1694148,32.6668865,"Rural","Utilities"
"660","Gill WSC","2323 FM 2625 W, Marshall, TX 75672-6236",-94.3843214,32.4298303,"Rural","Utilities"
"661","Glenwood WSC","6792 FM 726 S, Gilmer, TX 75645-8108",-94.8420582,32.6440382,"Rural","Utilities"
"662","Golden WSC","PO Box 148, Golden, TX 75444-0148",-95.5630133,32.7295732,"Rural","Utilities"
"663","City of Marietta","PO Box 247, Marietta, TX 75566",-94.5426812,33.1737421,"Rural","Utilities"
"664","Sulphur River Basin Authority","911 North Bishop street, Wake Village, TX 75501",-94.0973371,33.4287347,"Rural","Utilities"
"665","Talley WSC","PO Box 1837, Marshall, TX 75671-1837",-94.3660119,32.5411808,"Rural","Utilities"
"666","Bi-County WSC","PO Box 848, Pittsburg, TX 75686-0848",-94.9661469,32.9939955,"Rural","Utilities"
"667","City of Alba","PO Box 197, Alba, TX 75410-0197",-95.6371343,32.793349,"Rural","Utilities"
"668","Harleton WSC","PO Box 372, Harleton, TX 75651-0372",-94.5723604,32.6751222,"Rural","Utilities"
"669","Holly Springs WSC","PO Box 1078, Hughes Springs, TX 75656",-94.6307585,32.998462,"Rural","Utilities"
"670","Tri SUD","300 W 16th St, Mount Pleasant, TX 75455-2425",-94.9736022,33.1714398,"Rural","Utilities"
"671","Union Grove WSC","11015 Union Grove Rd, Gladewater, TX 75647-3664",-94.9214827,32.571018,"Rural","Utilities"
"672","Cypress Springs SUD","PO Box 591, Mt Vernon, TX 75457",-95.2213321,33.1887271,"Rural","Utilities"
"673","Cypress Valley WSC","PO Box 220, Woodlawn, TX 75694",-94.3457493,32.6681997,"Rural","Utilities"
"674","Diana SUD","PO Box 74, Diana, TX 75640-0074",-94.7516687,32.6966684,"Rural","Utilities"
"675","Waskom Rural WSC","PO Box 552, Waskom, TX 75692-0552",-94.0534971,32.4751389,"Rural","Utilities"
"676","West Delta WSC","196 FM 1531, Klondike, TX 75448-0567",-95.7584137,33.3299964,"Rural","Utilities"
"677","Gafford Chapel WSC","PO Box 1160, Sulphur Springs, TX 75483",-95.6006999,33.1397692,"Rural","Utilities"
"678","Cornersville WSC","PO Box 127, Pickton, TX 75471",-95.3917873,33.0302707,"Rural","Utilities"
"679","Lamar County WSD","150 CR 32180, Brookston, TX 75421-0188",-95.6445068,33.6564462,"Rural","Utilities"
"680","Leigh WSC","PO Box 1408, Marshall, TX 75671-1408",-94.3674184,32.5448714,"Rural","Utilities"
"681","Western Cass WSC","PO Box 150, Linden, TX 75563-0150",-94.3654707,33.0123537,"Rural","Utilities"
"682","Gum Springs WSC","PO Box 750, Hallsville, TX 75650-0750",-94.5740934,32.504316,"Rural","Utilities"
"683","Lake Fork WSC","8087 W FM 515, Yantis, TX 75497-0275",-95.5874045,32.8904618,"Rural","Utilities"
"684","Northeast Texas MWD","PO Box 955, Hughes Springs, TX 75656-0955",-94.6307585,32.998462,"Rural","Utilities"
"685","City of Roxton","PO Box 176, Roxton, TX 75477-0176",-95.7257949,33.5462168,"Rural","Utilities"
"686","Delta County MUD","PO Box 63, Cooper, TX 75432-0063",-95.6882925,33.3734427,"Rural","Utilities"
"687","Pritchett WSC","3670 State Hwy  155 S, Gilmer, TX 75645-8063",-94.97862,32.6875154,"Rural","Utilities"
"688","Ben Franklin WSC","PO Box 497, Ben Franklin, TX 75415-0497",-95.7712792,33.480513,"Rural","Utilities"
"689","Brashear WSC","PO Box 36, Brashear, TX 75420-0036",-95.7329938,33.1225513,"Rural","Utilities"
"690","Pattonville WSC","PO Box 1, Pattonville, TX 75468-0001",-95.3923747,33.579608,"Rural","Utilities"
"691","City of East Mountain","103 Municipal Drive, Gilmer, TX 75645",-94.8579416,32.5921062,"Rural","Utilities"
"692","Oak Grove WSC","904 W Front St, DeKalb, TX 75559",-94.6312534,33.5149664,"Rural","Utilities"
"693","Bloomburg WSC","PO Box 262, Bloomburg, TX 75556-0262",-94.0597574,33.1343282,"Rural","Utilities"
"694","Martin Springs WSC","PO Box 9, Como, TX 75431",-95.473123,33.0593377,"Rural","Utilities"
"695","Ramey WSC","PO Box 58, Mineola, TX 75773-0058",-95.4814549,32.6611297,"Rural","Utilities"
"696","Red River County WSC","1404 E Main St, Clarksville, TX 75426-4231",-95.0386877,33.6120939,"Rural","Utilities"
"697","Shady Grove WSC #2","PO Box 264, Sulphur Springs, TX 75483",-95.6006999,33.1397692,"Rural","Utilities"
"698","Sharon WSC","6175 N State Hwy  37, Winnsboro, TX 75494-6492",-95.3059651,32.938949,"Rural","Utilities"
"699","WhiteOak Shores Sewer Service Corp.","PO Box 456, Yantis, TX 75497",-95.5756393,32.9341183,"Rural","Utilities"
"700","Riverbend Water Resources District","228 A Texas Ave, New Boston, TX 75570",-94.3271094,33.4615809,"Rural","Utilities"
"701","North Kaufman WSC","PO Box 870, Kaufman, TX 75142-0870",-96.3088693,32.5890238,"Rural","Utilities"
"702","Oak Grove Texas WSC","6004 Ellis Ln, Kaufman, TX 75142",-96.3186612,32.5330368,"Rural","Utilities"
"703","Wright City WSC","24065 Lyles Ln, Troup, TX 75789-5502",-95.0023573,32.1910044,"Rural","Utilities"
"704","Edom WSC","PO Box 245, Brownsboro, TX 75756-0245",-95.6135715,32.3023706,"Rural","Utilities"
"705","Elderville WSC","PO Box 7344, Longview, TX 75607-7344",-94.7404891,32.5007037,"Rural","Utilities"
"706","Elmo WSC","PO Box 10, Elmo, TX 75118-0010",-96.1623833,32.7222974,"Rural","Utilities"
"707","Moore Station WSC","4700 CR 4319, Larue, TX 75770-3143",-95.6746828,32.1168234,"Rural","Utilities"
"708","Rose Hill SUD","1377 CR 274, Terrell, TX 75160",-96.320211,32.672385,"Rural","Utilities"
"709","RPM WSC","5765 State Hwy 64, Ben Wheeler, TX 75754",-95.5714502,32.3979235,"Rural","Utilities"
"710","Sand Flat WSC","14874 FM 14, Tyler, TX 75706",-95.2790354,32.4814352,"Rural","Utilities"
"711","Ables Springs SUD","PO Box 1567, Terrell, TX 75160",-96.2752569,32.7359626,"Rural","Utilities"
"712","City of Brownsboro","11351 Willow St, Brownsboro, TX 75756",-95.6152617,32.302358,"Rural","Utilities"
"713","Star Mountain WSC","PO Box 528, Winona, TX 75792-0528",-95.167169,32.4895892,"Rural","Utilities"
"714","Starrville-Friendship WSC","PO Box 1482, Gladewater, TX 75647-1482",-94.9427168,32.5365333,"Rural","Utilities"
"715","South Tawakoni WSC","PO Box 485, Wills Point, TX 75169",-96.0083018,32.7092955,"Rural","Utilities"
"716","Southern Utilities Company","218 N Broadway Ave, Tyler, TX 75702-5710",-95.301021,32.3525027,"Rural","Utilities"
"717","Starrville WSC","11620 County Road 3100, Winona, TX 75792-6722",-95.0942505,32.4325368,"Rural","Utilities"
"718","East Texas MUD","12162 Hwy 155 N, Tyler, TX 75708",-95.1954981,32.4409323,"Rural","Utilities"
"719","City of Wills Point","PO Box 505, Wills Point, TX 75169",-96.0083018,32.7092955,"Rural","Utilities"
"720","Carroll WSC","PO Box 428, Van, TX 75790-0428",-95.6371839,32.5248605,"Rural","Utilities"
"721","Fruitvale WSC","PO Box 75, Fruitvale, TX 75127-0075",-95.8032979,32.6831851,"Rural","Utilities"
"722","Gastonia-Scurry SUD","PO Box 68, Scurry, TX 75158-0068",-96.3808167,32.5187487,"Rural","Utilities"
"723","City of Log Cabin","14387 Alamo Rd, Log Cabin, TX 75148-3511",-96.022532,32.2266539,"Rural","Utilities"
"724","Country Club WSC","PO Box 970, Mabank, TX 75147-0970",-96.1008056,32.3665322,"Rural","Utilities"
"725","Oakwood Water System","8799 Charlya Dr, Athens, TX 75752",-95.7410693,32.1992321,"Rural","Utilities"
"726","Ben Wheeler WSC","PO Box 104, Ben Wheeler, TX 75754-0104",-95.7038521,32.4459745,"Rural","Utilities"
"727","Bethel-Ash WSC","PO Box 1385, Athens, TX 75751-1385",-95.8555207,32.2048735,"Rural","Utilities"
"728","High Point SUD","16986 Valley View, Forney, TX 75126",-96.4337581,32.7983908,"Rural","Utilities"
"729","Myrtle Springs WSC","PO Box 99, Canton, TX 75103",-99.9018131,31.9685988,"Rural","Utilities"
"730","Tryon Road SUD","360 Skinner Ln, Longview, TX 75605-7358",-94.7472589,32.6110633,"Rural","Utilities"
"731","Virginia Hill WSC","707 E College St, Athens, TX 75751",-95.8453983,32.2030528,"Rural","Utilities"
"732","West Gregg SUD","PO Box 1196, Kilgore, TX 75663-1196",-94.8757709,32.3862619,"Rural","Utilities"
"733","City of Murchison","PO Box 33, Murchison, TX 75778",-95.7496858,32.2784819,"Rural","Utilities"
"734","College Mound SUD","PO Box 2008 / 12731 FM 429, Terrell, TX 75161-8240",-96.1742401,32.6539344,"Rural","Utilities"
"735","Corinth WSC","PO Box 299, Grand Saline, TX 75140-0299",-95.7094069,32.6734636,"Rural","Utilities"
"736","Lawrence WSC","PO Box 75 / 13209 Chestnut Cir, Terrell, TX 75160-0002",-96.3443979,32.7470826,"Rural","Utilities"
"737","Leagueville WSC","PO Box 462, Brownsboro, TX 75756-0462",-95.6135715,32.3023706,"Rural","Utilities"
"738","Payne Springs WSC","9690 State Hwy  198, Mabank, TX 75156-6435",-96.0855238,32.2780814,"Rural","Utilities"
"739","Pine Ridge WSC","149 W Main St, Van, TX 75790-2883",-95.6358596,32.5246024,"Rural","Utilities"
"740","Jackson WSC","17764 County Road 26, Tyler, TX 75707-2922",-95.1108494,32.3552386,"Rural","Utilities"
"741","Lapoynor ISD","13155 Us Hwy  175 E, Larue, TX 75770-5706",-95.6387863,32.0969806,"Rural","Utilities"
"742","Emerald Bay MUD","155 La Salle Rd, Bullard, TX 75757-9308",-95.4281133,32.1558615,"Rural","Utilities"
"743","Crescent Heights WSC","PO Box 375, Athens, TX 75751",-95.8555207,32.2048735,"Rural","Utilities"
"744","Crooked Creek WSC","PO Box 382, Canton, TX 75103-0382",-99.9018131,31.9685988,"Rural","Utilities"
"745","Liberty City WSC","6144 Gateway Ctr, Ste 349, Kilgore, TX 75662-2255",-94.9288747,32.4413106,"Rural","Utilities"
"746","MacBee SUD","PO Box 780, Wills Point, TX 75169-0780",-96.0083018,32.7092955,"Rural","Utilities"
"747","Poetry WSC","PO Box 392, Terrell, TX 75160-0007",-96.2798265,32.719805,"Rural","Utilities"
"748","Pruitt Sand Flat WSC","PO Box 310, Grand Saline, TX 75140",-95.7094069,32.6734636,"Rural","Utilities"
"749","Becker Jiba SUD","15269 FM 2860, Kaufman, TX 75142-7923",-96.2167536,32.4920347,"Rural","Utilities"
"750","Lindale Rural WSC","PO Box 756, Lindale, TX 75771-0756",-95.4093998,32.5156971,"Rural","Utilities"
"751","Little Hope-Moore WSC","150 FM 16, Canton, TX 75103",-95.8007002,32.5157605,"Rural","Utilities"
"752","Poynor Community WSC","15728 Us Hwy 175E, Poynor, TX 75782",-95.5977332,32.0739657,"Rural","Utilities"
"753","TOE WSC","1361 VZ CR 2403, Canton, TX 75103-4358",-95.7165796,32.4942971,"Rural","Utilities"
"754","East Cedar Creek FWSD","PO Box 309, Mabank, TX 75147",-96.1008056,32.3665322,"Rural","Utilities"
"755","Markout WSC","PO Box 907, Forney, TX 75126-0907",-96.4719312,32.7481845,"Rural","Utilities"
"756","City of Kennard","PO Box 115, Kennard, TX 75847-0115",-95.1846665,31.3595701,"Rural","Utilities"
"757","Jamestown WSC","PO Box 886, Jasper, TX 75951-0010",-94.0028421,30.9216998,"Rural","Utilities"
"758","North Hardin WSC","PO Box 55, Silsbee, TX 77656",-94.1779624,30.3490976,"Rural","Utilities"
"759","Northpark WSC","276 County Road 432, Dayton, TX 77535-4630",-94.8408721,29.9328689,"Rural","Utilities"
"760","Walker County SUD","PO Box 704, Huntsville, TX 77342-0704",-95.5507771,30.7235263,"Rural","Utilities"
"761","West Hardin WSC","PO Box 286, Saratoga, TX 77585-0286",-94.5275423,30.283943,"Rural","Utilities"
"762","Mercy WSC","51 Perry Ln, Cleveland, TX 77328-4425",-95.1081354,30.39347,"Rural","Utilities"
"763","Sabine River Authority of Texas","PO Box 579, Orange, TX 77631-0579",-93.7365549,30.0929879,"Rural","Utilities"
"764","Camilla WSC","PO Box 187, Coldspring, TX 77331-0187",-95.138053,30.5816371,"Rural","Utilities"
"765","South Cleveland WSC","PO Box 1811, Cleveland, TX 77328-1811",-95.0730478,30.3414963,"Rural","Utilities"
"766","Resort Country WSC","623 Resort Drive, Livingston, TX 77351",-95.103568,30.71665,"Rural","Utilities"
"767","Three Community Water","PO Box 228, Brownsboro, TX 75756",-95.6179504,32.3014869,"Rural","Utilities"
"768","Burkeville WSC","PO Box 220, Burkeville, TX 75932-0220",-93.6679539,30.9999178,"Rural","Utilities"
"769","Chester WSC","PO Box 87, Chester, TX 75936-0087",-94.6000666,30.9269234,"Rural","Utilities"
"770","City of Groveton","PO Box 37, Groveton, TX 75845-0037",-95.1266751,31.0553605,"Rural","Utilities"
"771","South Kirbyville Rural WSC","PO Box 189, Call, TX 75933-0189",-93.8743461,30.6124261,"Rural","Utilities"
"772","South Newton WSC","PO Box 659, Deweyville, TX 77614-0659",-93.7435004,30.2977058,"Rural","Utilities"
"773","Glendale WSC","PO Box 1404, Trinity, TX 75862-1404",-95.3733874,30.9463502,"Rural","Utilities"
"774","Tarkington SUD","19396 Hwy  321, Cleveland, TX 77327-4074",-94.9730405,30.2709596,"Rural","Utilities"
"775","Consolidated WSC","401 NE Loop 304, Crockett, TX 75835",-95.4700214,31.3343356,"Rural","Utilities"
"776","Tempe WSC","PO Box 2174, Livingston, TX 77351",-94.9330202,30.7110216,"Rural","Utilities"
"777","City of Goodrich","PO Box 277, Goodrich, TX 77335-0277",-94.9472634,30.6060537,"Rural","Utilities"
"778","Hardin WSC","PO box 819, Hardin, TX 77561",-94.739089,30.1524348,"Rural","Utilities"
"779","Holly Huff WSC","PO Box 1917, Jasper, TX 75951-0043",-93.9968812,30.920823,"Rural","Utilities"
"780","Moscow WSC","PO Box 250, Moscow, TX 75960-0250",-94.8252089,30.9132479,"Rural","Utilities"
"781","Trinity Rural WSC","PO Box 709, Trinity, TX 75862",-95.3733874,30.9463502,"Rural","Utilities"
"782","Upper Jasper County Water Authority","269 County Road 080, Jasper, TX 75951-8064",-93.8959032,30.8211207,"Rural","Utilities"
"783","Cypress Creek WSC","PO Box 536, Woodville, TX 75979-0536",-94.4148791,30.7753454,"Rural","Utilities"
"784","Dodge Oakhurst WSC","PO Box 425, Dodge, TX 77334-0425",-95.3979971,30.7454694,"Rural","Utilities"
"785","Warren WSC","PO Box 95, Warren, TX 77664",-94.408529,30.6146489,"Rural","Utilities"
"786","Watson Lakes WSC","PO Box 5050, Huntsville, TX 77342-5050",-95.5507771,30.7235263,"Rural","Utilities"
"787","Westwood WSC","317 Wildbriar Dr, Jasper, TX 75951",-94.1587794,31.0848951,"Rural","Utilities"
"788","Camilla Coves Lot Owners Association","P.O. Box 1001, Coldspring, TX 77331",-95.1293175,30.592606,"Rural","Utilities"
"789","Lake Livingston WSC","PO Box 1149, Livingston, TX 77351-0020",-94.9330202,30.7110216,"Rural","Utilities"
"790","Leggett WSC","PO Box 757, Livingston, TX 77351",-94.9330202,30.7110216,"Rural","Utilities"
"791","Onalaska WSC","PO Box 2463, Onalaska, TX 77360-2463",-95.1033038,30.814491,"Rural","Utilities"
"792","One-Five-O WSC","100 FM 2693 Road W, New Waverly, TX 77358",-95.284628,30.5494263,"Rural","Utilities"
"793","Pennington WSC","PO Box 15, Pennington, TX 75856-0015",-95.2355122,31.1876372,"Rural","Utilities"
"794","Phelps SUD","455 FM 2296 Rd, Huntsville, TX 77340",-95.4506605,30.6659893,"Rural","Utilities"
"795","Woodlake-Josserand WSC","PO Box 103, Woodlake, TX 75865-0103",-95.0329893,31.0287968,"Rural","Utilities"
"796","Orange County WCID #2","PO Box 278, Orange, TX NA",-93.7365549,30.0929879,"Rural","Utilities"
"797","Orange County WCID #1","460 E Bolivar St, Vidor, TX 77662-5052",-94.009014,30.1285767,"Rural","Utilities"
"798","Orangefield WSC","PO Box 398, Orangefield, TX 77639-0398",-93.8648311,30.0756508,"Rural","Utilities"
"799","Pixley Water Works, Inc.","1699 FM 2665, Goodrich, TX 77335-7114",-94.9413804,30.6010371,"Rural","Utilities"
"800","Dallardsville-Segno WSC","PO Box 1592, Livingston, TX 77351",-94.9330202,30.7110216,"Rural","Utilities"
"801","Damascus-Stryker WSC","PO Box 660, Corrigan, TX 75939-0660",-94.8272571,30.9968861,"Rural","Utilities"
"802","Point Blank & Stephens Creek WSC","PO Box 121, Point Blank, TX 77364",-95.218959,30.7477925,"Rural","Utilities"
"803","Providence WSC","PO Box 726, Livingston, TX 77351-0013",-94.9330202,30.7110216,"Rural","Utilities"
"804","Mauriceville MUD","PO Box 1000, Mauriceville, TX 77626-1000",-93.8715843,30.2090098,"Rural","Utilities"
"805","Ratcliff WSC","PO Box 1386, Ratcliff, TX 75858-1386",-95.137355,31.391483,"Rural","Utilities"
"806","Rayburn Country MUD","P O BOX 5309, Jasper, TX 75951",-93.9968812,30.920823,"Rural","Utilities"
"807","Raywood WSC","PO Box 125, Raywood, TX 77582-0125",-94.6721418,30.0418817,"Rural","Utilities"
"808","Riverside SUD","PO Box 194, Riverside, TX 77367",-95.4035523,30.8529664,"Rural","Utilities"
"809","Memorial Point MUD","PO Box 1193, Livingston, TX 77351-0021",-94.9330202,30.7110216,"Rural","Utilities"
"810","San Jacinto SUD","70 Church Ave, Coldspring, TX 77331-5400",-95.1293426,30.5932403,"Rural","Utilities"
"811","Seneca WSC","PO Box 27, Woodville, TX 75979",-94.4148791,30.7753454,"Rural","Utilities"
"812","Ames WSC","451 Donatto, Liberty, TX 77575",-94.7500838,30.0566415,"Rural","Utilities"
"813","City of Huxley","11798 FM 2694, Shelbyville, TX 75973-2780",-93.867291,31.7602713,"Rural","Utilities"
"814","Gary WSC","PO Box 160, Gary, TX 75643-0160",-94.370904,32.0292089,"Rural","Utilities"
"815","Gaston WSC","5444 State Hwy  64 W, Henderson, TX 75652",-94.8762541,32.1734064,"Rural","Utilities"
"816","Woden WSC","PO Box 48, Woden, TX 75978",-94.5312079,31.5059402,"Rural","Utilities"
"817","Ebenezer WSC","PO Box 1925, Henderson, TX 75653-1925",-94.7993802,32.1532156,"Rural","Utilities"
"818","Etoile WSC","PO Box 67, Etoile, TX 75944-0067",-94.436037,31.3868524,"Rural","Utilities"
"819","Minden-Brachfield WSC","11389 CR 317 S, Henderson, TX 75654",-94.7078941,32.0140536,"Rural","Utilities"
"820","Rock Hill WSC","PO Box 673, Beckville, TX 75631",-94.4560665,32.2424226,"Rural","Utilities"
"821","Sand Hill WSC","13938 State Hwy 7 W, Center, TX 75935-5304",-94.3752049,31.669575,"Rural","Utilities"
"822","Central WCID","5307 N Us Hwy 69, Pollok, TX 75969-4549",-94.7935759,31.4009624,"Rural","Utilities"
"823","Chalk Hill SUD","16076 FM 1716 E, Henderson, TX 75652-9492",-94.7035312,32.2916138,"Rural","Utilities"
"824","A&P WSC","PO Box 322, Carthage, TX 75633",-94.3374199,32.1573841,"Rural","Utilities"
"825","Appleby WSC","202 Deen St, Nacogdoches, TX 75965",-94.6092903,31.7183694,"Rural","Utilities"
"826","Flat Fork WSC","PO Box 957, Center, TX 75935-0957",-94.1802599,31.7952962,"Rural","Utilities"
"827","City of Beckville","PO Box 97, Beckville, TX 75631-0097",-94.4554782,32.2429366,"Rural","Utilities"
"828","South Murvaul WSC","147 County Road 194, Gary, TX 75643-3799",-94.4569409,32.0273056,"Rural","Utilities"
"829","South Rusk County WSC","PO Box 38, Laneville, TX 75667-0038",-94.8138252,31.9743339,"Rural","Utilities"
"830","South Sabine WSC","807 Fairdale Rd, Hemphill, TX 75948-6600",-93.7231335,31.201168,"Rural","Utilities"
"831","Caro WSC","3947 State Hwy 204, Nacogdoches, TX 75964-6208",-94.7378284,31.7694676,"Rural","Utilities"
"832","Choice WSC","PO Box 1409, Center, TX 75935-1409",-94.1802599,31.7952962,"Rural","Utilities"
"833","Swift WSC","7077 E SH 7, Nacogdoches, TX 75961-7116",-94.5066789,31.6165447,"Rural","Utilities"
"834","Beulah WSC","12182 FM 58, Ste 200, Lufkin, TX 75901-2688",-94.6690159,31.1852174,"Rural","Utilities"
"835","Goodsprings WSC","6713 US Hwy 79 S, Henderson, TX 75654-5757",-94.8754647,32.092148,"Rural","Utilities"
"836","Hudson WSC","3032 Ted Trout Dr, Lufkin, TX 75904-3532",-94.7797546,31.330484,"Rural","Utilities"
"837","Mt Enterprise WSC","PO Box 368, Mt Enterprise, TX 75681-0368",-94.682815,31.9185193,"Rural","Utilities"
"838","D&M WSC","PO Box 9, Douglass, TX 75943-0009",-94.8860735,31.6679312,"Rural","Utilities"
"839","Clayton WSC","PO Box 3, Clayton, TX 75637-0003",-94.4758987,32.0979564,"Rural","Utilities"
"840","Laneville WSC","PO Box 91, Laneville, TX 75667-0091",-94.8148629,31.9723102,"Rural","Utilities"
"841","Woodlawn WSC","2833 Ted Trout Dr, Ste C, Lufkin, TX 75904-3518",-94.7731508,31.3309622,"Rural","Utilities"
"842","Angelina Neches River Authority","2901 North John Redditt Drive, Lufkin, TX 75904",-94.759587,31.364249,"Rural","Utilities"
"843","Angelina WSC","5978 FM 841, Lufkin, TX 75901-4683",-94.6560807,31.315983,"Rural","Utilities"
"844","Four Way SUD","411 N Main St, Huntington, TX 75949",-94.5761858,31.2803825,"Rural","Utilities"
"845","Cross Roads SUD","PO Box 1001, Kilgore, TX 75663",-94.8757709,32.3862619,"Rural","Utilities"
"846","Denning WSC","5348 State Hwy 21 W, San Augustine, TX 75972-9259",-94.2149429,31.5251366,"Rural","Utilities"
"847","Libby WSC","PO Box 115, Martinsville, TX 75958-0115",-94.4140933,31.6426792,"Rural","Utilities"
"848","Lilbert-Looneyville WSC","PO Box 512, Cushing, TX 75760",-94.8405343,31.8131977,"Rural","Utilities"
"849","M&M WSC","4616 E State Hwy  103, Lufkin, TX 75901-1210",-94.6621701,31.3507592,"Rural","Utilities"
"850","Pollok-Redtown WSC","PO Box 10, Pollok, TX 75969-0010",-94.8721556,31.4465701,"Rural","Utilities"
"851","Buena Vista WSC","PO Box 223, Timpson, TX 75975-0223",-94.3971134,31.9060697,"Rural","Utilities"
"852","Five Way WSC","PO Box 667, Center, TX 75935-0667",-94.1802599,31.7952962,"Rural","Utilities"
"853","McClelland WSC","6438 Hwy 87 South, Shelbyville, TX 75973",-94.0676504,31.742456,"Rural","Utilities"
"854","Melrose WSC","P.O. Box 120, Chireno, TX 75937",-94.3518063,31.4994168,"Rural","Utilities"
"855","Redland WSC","2687 FM 2021, Lufkin, TX 75901",-94.7101331,31.4008518,"Rural","Utilities"
"856","Rehobeth WSC","PO Box 691, Carthage, TX 75633",-94.3374199,32.1573841,"Rural","Utilities"
"857","Riderville WSC","PO Box 227, Carthage, TX 75633-0227",-94.3374199,32.1573841,"Rural","Utilities"
"858","Sacul WSC","PO Box 11, Sacul, TX 75788",-94.9197791,31.8227182,"Rural","Utilities"
"859","San Augustine Rural WSC","PO Box 182, San Augustine, TX 75972-0182",-94.1119678,31.5296413,"Rural","Utilities"
"860","Shelbyville WSC","PO Box 297, Shelbyville, TX 75973-0297",-94.0789272,31.7617683,"Rural","Utilities"
"861","New WSC","PO Box 800, San Augustine, TX 75972",-94.1117164,31.5293999,"Rural","Utilities"
